SeXile,1
alibaba1992,46
pendora.,39
GEEKiSM,2
Mr.Traveler,3
ulpo,4
malik420,2
uploader230,1
N4ughty,48
MegamanX29,3
kiljoe,1
batman09,1
HDBlaster,2
mzainal,1
RockerOf'87,9
HD3D,271
White Flag,15
tinkoni,310
zaved,3
suadnovic,9
DarknQuiet,17
|HDmania|,1
udsrec,4
Zoran_,32
ar$enaly,32
stphz,3
sinnamonwolf,19
kolusberti,1
dudrif,15
7123,1
azcb,49
damirex,19
BGST,1
maligrizebeton,2
.aSn.,1419
mukeshkumarjat,1
macbid,1
avRoo,14
learn2earn,1
christiandeflores,1
daviedee,1
0dayreleases,4
james818181,1
jakocu24,1
Scarz123456789,1
gryffinhot,1
Ganryu114455,2
highstar,1
bangungot,13
Grover3,26
Fantasy_artist,11
dany25,2
vietboi275,1
TSW,8
excopbecks,1
Chikinhri,1
noutilus12,9
baxterd,9
taeoice,32
S H E R i F,46
-MW-,1
Togama,77
kienpham,94
dogburger,3
4ways,2
jkflash1964,1
aigl,1
Mr. BluRay,414
stahinjic ban,1
pedrorios,4
ceeker,17
timbalance,1
Utakata,6
GoodPerson14,71
arnoldkile21,1
geeklovenerds,19
An54,1
Bad Seed,87
genieous12,1
Fu-do,1
OverMask,1
Stevepax,1
TroicI,11
JonPinto,1
larkze,1
pablishto,2
irockfuru,12
azhushare,3
bdlegend,11
liabra,3
Beautiiii,6
H311-n-back,31
Masimo,352
azmatbutt,10
wbuphet,1
D4rk DeMoN,1
- R O C K E R -,25
antibiotica,3
oldboy3,6
alinice321,4
ellen_dj123,2
Vamp!re,13
ricchaard,2
GubrakZ,1
flashjj,2
Mioni,3
Shaktimage,1
bouzix,1
suffocater,1
masterpal,2
titou25,1
xNynx,1
upload3er,22
klein87,1
smileba,2
Jinx89,9
Vipers Nest,27
mo,12
#3|\/|4#i4,1
AquariusPL,3
nino191d,1
razor-x,10
out.look1,1
chans1212,2
junaidaslam123,4
keatonG,3
FaBoy,1
MrAssassin,4
wangshiqun,35
-=DeXTeR=-,27
smrki,8
nScorp,47
quain88,22
vijukarr,2
JOƘER,5
qualanelt,8
kingpong,3
direct_only,1
Jalandr,4
WaReZ_ZuP,23
FilmaX,5
arkudas,20
james5454,5
Stephan1,209
duplesi,24
thenilblue,2
wiggle99,1
m1cr01,5
^^GoRiLLaZ^^,3
smieszeczek,2
bane1212,5
|love_hacker|,25
Catlady,8
tuanq82,206
GuruAlive,1
ddagain,30
naked_soul,6
davinci5156,566
jihad25,17
MacClassiK,3
w2a,1
huapingzhou,1
jasonangel,10
devilmaycry013,2
zbaq,168
WrzTeam,8
76884,1
Rahul.69,26
Lara1408,86
soyotoyapex,162
berreta22,1
iShagg,1
hatem20,1
gonaPai,2
jack121,2
Linux.BD,77
Plava992,12
__julian,11
Gii1818,3
ID4L,2
|ClickMe|,2
lingaringa,30
webmate,9
miloi,1
raku11292,30
fleszer,1
vegit,8
galmuchet,281
donlio,1
chuckyp99,5
Nono Ono,1
atulsawant,1
Seraf,2
*stefan-te*,17
KISHOREAPU,99
carmentipa,39
loopinmind,16
_Dorukhan_,1
kayla-3x,2
Smarti11,1
johnnyshatin123,1
HDC0OL,28
A.H.T.,1
JubeiMV,2
The_BlacK_MOON,36
anubora,10
luckyvn89,17
silverwoft,3
shreyash511,1
filebb,75
STD16,8
alikhan00007,1
.: F A S T E R :.,54
Madball74,30
momosclan,1
|PR0LiNK|,48
3DStuff,18
SHULiBAN,103
vojin123,213
Latest.R,24
sharryhundal,1
phoenix_dude,1
musm4,4
umardon,1
nakamychy,2443
Poison1vy,9
BAYER3535,72
underst33,1
xesshi,6
dr.slum[P],7
Ebooks-Don,5
tetburia,1
Marderus,3
myhat001,4
sprig,29
wareztestbd,3
DreamLost,1
ZUBiK,6
zinkoam,29
hudna6,1
tokenman,25
JNNy64,2
||BaDshaH||,9
ctd87,13
Sponding,2
CyberBB1,1
alde69,1
BNA84,2
HopefulRomantic,9
Greenlitsky,1
pinkhat003,1
woodin11,46
ricotero29,1
elena1973,1
azhurecore,5
Amiche,1
pinkside,1
movshare,1
D3M0N69,1
XDeadmau5X,25
SarangMovie,22
plomien86,3
xGreatx,185
Mosaico,7
makeman,3
zizitenk,3
DvD2x,1
unclef3st3r666,1
sharingxxx,5
virgin-heart,7
driventodespair,4
pinio,30
liadokia,5
Famous8Inches,6
A-T-O-M,56
Leviatã,1
shaheen.khapk,4
since111,1
mrsaba,2
.::Devil::.,1
aptechfsd,4
kenchien,22
K0nK0nK4n,27
sri_baginda03,1
CoolAsIce.,3
sebastian.atb,6
szajtek,18
aneishababy,1
se7en77,10
hum@n,24
tingalvin,1
KALI12,1
ShAaNiG,304
W3st_Wind,13
nenadx,31
Freedom35,1185
pitininja,1
mmachota,83
MINUSBLINDFOLD,1
hs97,2
zacr102,1
|KiNG-GTR|,2
majster168,24
bluffmaster12pm,2
cleas,161
retribution1887,1
shiva.om,1
rhinoboy,1
harmony83,1
WOIM,13
ultrascorp,2
toritori,7
stefletch123,4
LukeFabre,1
thor84,1
eflatley00,1
ariobarzan2,2
Snikerzz,6
Si7mL,22
KimberlysEyes,1
stanza,1
saeed1122,5
ckBark,1
|1.Link|,8
cronjob2000,1
goodaperson34,1
francofrantic,5
darknessofworld,28
cccbycox,1
full_120,1
key3film,5
Donnie Yen,1
timoti84,39
marpycoco,4
WiZARD OF W-BB,1
marcoacero,2
whomeis,1
axman63,1
BASiQ,1
shakir74,5
|monarch|,22
kenreaves,22
nzindiboy,1
voltirbisop,53
Craf9,3
sundarmobiles,523
rsheria,2
jonesp123,1
dosanti,2
Robyfly,1
amarshall117,1
cartoon80,19
horrmet,37
Prinks1,6
V2CPT,8
dave811,1
spurpose35,4
Rapidwarez4u,5
uplodu,1
rani44,2
HPHD.,10
uinneit,2
100%makedonec,1
buleyb,2
kamzaf,1
RavekCN,2
Fbka,3
Sartre,57
Tobacco Road,6
blue_154,1
BW-BP,7
m0min5_,55
-JOE-,1
ArNET,3
Gkhan.,15
WarTaipan,5
toxicweasel,20
zimzam,1
blueybaby,7
chootadon01,1
drhamaka,1
Contaminator,2
aadott,1
LastLight,2
lemonzoo,2
enterprise1,37
AlexXxuTzZu,1
K-KING099,5
sturdycracker,1
~BiRdMaN~,1
hhhgame,227
MyCuTiPaI,1
greatchi,671
zixziko,1
avro.bd,42
vmshare,30
moh3en,1
HPHD,12
MARBOT2012,1
Flypers,125
volimsir,2
Winchester999,1
sweetKid,27
ketupal100,2
Inder007,11
super-veve,144
fenomen28,9
stefanlecko11,1
stillrock,5
ex-Code,3
| BETA |,3
lalmiavai,1
LKROCKS,19
muhammadwaseem,1
ironman55,300
pepsi86,1
WALL-E.,2
matsada,1
|Leader|,95
Abdhw,1
scarlettjoha,3
DLFX,2
HEAVEN13TH,2
chrisjen24,1
M_F_T,51
freshdown,2
universematrix,1
The Kung,1
IllRosi,1
eyesonlyuploads,147
thedossetup,1
toonstar,4
enriqueksr,2
DaaD,13
.BoB.,10
andino2,1
rapidols,1
genemnc,1
LED3,1
|BlUeRaY|,6
Upload3r,29
gorilaz,4
rafaqatkiani008,10
RLSARC,8
GhOsT^,15
sandeepr,4
vinok2,6
CP1832,2
kbat69,4
saatcham,1
HiLo!,2
readart013,9
princedm,6
BebeeBoo,1
~Releasesking~,13
ilybe8,9
MasatoEM,1
ugabugapyly,1
hdpiracy,1
||HDMG||,35
mlam7,4
legend10,25
Czekanista,1
torrenter,1
kit777,134
alshairi,1
lunaekCAPULA,5
johnsm2,2
Aurih,7
stefano09051988,25
iAmMaximus,4
Giovanni.bj,9
baby.sa,1
sherlock92,1
pierwszy,2
WarezHouse,1
edump,127
strikan,1
p33no,4
misanphan,2
t3odor,1
Jet-Li,498
briann_cs,1
yachie9,8
trumita,1
bedazzled81,1
DxGen,8
Shaki NR 1,1
Lorenco.,4
Captain_007,3
Namoadi,2
llHoov,2
- The Saint -,1
lcee,1
atik0786,2
bestbadri,1
NFS2000,3
ev33,2
fm157,7
kris20,11
rwdfox,464
fallwew,1
PrINCE v3,12
mauricio2050,1
tomerlingo,64
Junaid92530,9
KinG_RippeR,3
SinThink,1
irfanafhan,10
cuddles227,1
inpryce,1
P-World,1
kevinbfc,1
sandha,1
rossc007,2
Mr.PM,69
Casper_2641,11
zahidlove,77
ButanoicAcid,1
n21115,1
youwarez123,1
share4u11,78
steveb2008,7
ArminVBA,2
champidobai,1
dum@n,66
MarcosReborn,1
radioguy46,27
Proghunter,1
daatam,8
bymicro,1
eurofighter19,9
cyclon4004,1
Ada1122,8
Kingfan,1
nemesis07,1
Latestdownload7,3
newbramj,1
|HITMAN|,92
Z4rroc,165
wherepiewhere,2
Bidabadi,1
alih110,15
ark69,5
avanzara,13
FUTURiTY,5
..Night..,2
schiesstomi,6
scenewhite,12
s17_koelho,1
tranquilito,8
n3sl,11
-RoCkStAR-,1
gloda,2
Mindsaver,1
gfxfree,28
Suwadith,1
furqanali332,2
yousif14,3
God Of Warez,33
k!113R,1
W4R3ZL0RD,3
DiViSi0N,7
zlatkiller,2
s@ntana,8
gyrospaz,4
GreyPaws,1
supernoodles,14
HD-World,24
lsbham,4
ptu_cb1990,2
h4s3eb,93
adxx,3
selambe,9
djaa2807,1
SherifDown,1
azorrr,17
Ssadman,2
jom2pay,1
david_villa07,5
Netwolf_,2
panzdzisio,1
tomislav2634,4
Garriso,2
d2hh,30
szachtar,7
daavup,4
DVB4IR,4
