SeXile,56916
alibaba1992,3891
pendora.,3544
GEEKiSM,225
Mr.Traveler,996
ulpo,327
malik420,145
uploader230,78
N4ughty,7948
MegamanX29,213
kiljoe,154
batman09,93
johnnyshatin123,106
mzainal,40
RockerOf'87,1261
HD3D,1566339
White Flag,4860
tinkoni,747546
zaved,6219
suadnovic,742
DarknQuiet,3433
|HDmania|,181
udsrec,403
Zoran_,3275
ar$enaly,7022
stphz,386
soyotoyapex,24243
kolusberti,70
dudrif,3471
7123,1010
azcb,4005
damirex,2736
BGST,717
maligrizebeton,132
.aSn.,1499655
mukeshkumarjat,257
macbid,217
stefletch123,556
christiandeflores,63
daviedee,117
0dayreleases,346
james818181,58
jakocu24,103
Scarz123456789,95
gryffinhot,77
Ganryu114455,214
highstar,95
legend10,4628
bangungot,3370
Grover3,2880
Fantasy_artist,1433
dany25,139
vietboi275,117
TSW,497
HD-World,6245
excopbecks,171
Chikinhri,210
noutilus12,1549
ironman55,33288
taeoice,2997
S H E R i F,71411
-MW-,1055
Togama,8951
kienpham,16021
dogburger,396
4ways,3279
jkflash1964,177
aigl,184
Mr. BluRay,634285
stahinjic ban,108
pedrorios,613
movshare,88
timbalance,116
Utakata,482
GoodPerson14,7537
arnoldkile21,128
geeklovenerds,7006
An54,74
Bad Seed,7659
genieous12,178
OverMask,194
3DStuff,11401
TroicI,2500
larkze,235
Poison1vy,471
irockfuru,2257
azhushare,609
bdlegend,832
liabra,436
Beautiiii,1445
H311-n-back,8900
Masimo,30087
azmatbutt,1247
wbuphet,74
D4rk DeMoN,295
- R O C K E R -,28580
antibiotica,235
oldboy3,585
alinice321,445
ellen_dj123,167
Vamp!re,1580
ricchaard,384
GubrakZ,62
flashjj,200
Mioni,5251
Shaktimage,114
bouzix,129
suffocater,226
M_F_T,9931
HEAVEN13TH,874
masterpal,93
titou25,67
chrisjen24,90
upload3er,2049
klein87,68
smileba,292
Jinx89,933
Vipers Nest,4614
mo,1230
#3|\/|4#i4,188
nino191d,67
razor-x,1967
out.look1,90
chans1212,314
junaidaslam123,600
keatonG,463
FaBoy,54
MrAssassin,390
wangshiqun,4780
-=DeXTeR=-,4269
smrki,6807
nScorp,16642
quain88,5964
vijukarr,302
JOƘER,985
qualanelt,1037
kingpong,577
direct_only,51
Jalandr,1056
Linux.BD,10569
FilmaX,594
_Dorukhan_,159
james5454,618
Mosaico,1384
duplesi,2739
thenilblue,137
wiggle99,299
^^GoRiLLaZ^^,413
smieszeczek,171
bane1212,1593
|love_hacker|,5589
Catlady,834
tuanq82,29775
GuruAlive,430
ddagain,4291
davinci5156,79487
jihad25,2630
MacClassiK,2167
w2a,56
huapingzhou,68
WrzTeam,453
jasonangel,2194
toritori,1415
tingalvin,144
zbaq,44163
miloi,104
76884,114
Rahul.69,3660
Lara1408,7225
sinnamonwolf,3355
berreta22,151
iShagg,50
hatem20,89
gonaPai,297
jack121,139
WaReZ_ZuP,3521
Plava992,1959
__julian,845
Gii1818,715
ID4L,361
|ClickMe|,868
radioguy46,2006
webmate,992
raku11292,3052
fleszer,85
vegit,1042
galmuchet,38075
donlio,240
chuckyp99,838
Nono Ono,25
atulsawant,103
Seraf,677
*stefan-te*,1892
KISHOREAPU,8206
carmentipa,3488
loopinmind,1749
arkudas,2247
kayla-3x,309
Smarti11,76
HDC0OL,13008
A.H.T.,69
Stephan1,26984
The_BlacK_MOON,15467
GreyPaws,85
anubora,1101
luckyvn89,795
kenreaves,5805
shreyash511,112
filebb,8175
STD16,750
alikhan00007,38
.: F A S T E R :.,20551
Madball74,4193
momosclan,79
|PR0LiNK|,171497
HDBlaster,653
SHULiBAN,1746041
vojin123,33149
Latest.R,5037
sharryhundal,96
eurofighter19,1844
phoenix_dude,68
musm4,271
umardon,372
nakamychy,259214
pablishto,224
BAYER3535,9427
underst33,100
xesshi,1072
dr.slum[P],735
Ebooks-Don,814
tetburia,59
Marderus,219
myhat001,292
sprig,8241
wareztestbd,600
nemesis07,180
ZUBiK,3637
Greenlitsky,270
hudna6,131
tokenman,4608
JNNy64,447
||BaDshaH||,6834
ctd87,1895
Sponding,210
CyberBB1,58
alde69,69
BNA84,161
HopefulRomantic,829
zinkoam,5264
ricotero29,121
woodin11,6109
Stevepax,44
elena1973,65
mrsaba,231
Amiche,37
pinkside,71
D3M0N69,53
XDeadmau5X,3148
SarangMovie,2905
plomien86,316
xGreatx,23644
shiva.om,345
zizitenk,354
DvD2x,97
unclef3st3r666,68
sharingxxx,428
virgin-heart,2159
driventodespair,329
liadokia,742
Famous8Inches,503
A-T-O-M,12236
Leviatã,30
shaheen.khapk,674
since111,216
azhurecore,879
.::Devil::.,36
aptechfsd,431
kenchien,3988
schiesstomi,646
K0nK0nK4n,3035
sri_baginda03,941
CoolAsIce.,630
sebastian.atb,927
szajtek,2907
aneishababy,1510
se7en77,723
hum@n,3367
devilmaycry013,356
KALI12,46
ShAaNiG,779057
W3st_Wind,3654
nenadx,4442
readart013,1079
pitininja,160
mmachota,10065
MINUSBLINDFOLD,160
hs97,214
zacr102,154
|KiNG-GTR|,13849
majster168,3182
bluffmaster12pm,847
cleas,25239
retribution1887,154
makeman,421
rhinoboy,35
WOIM,1159
ultrascorp,1414
pinkhat003,185
avRoo,3140
LukeFabre,74
eflatley00,73
ariobarzan2,120
Snikerzz,998
Si7mL,4424
ceeker,1939
stanza,183
saeed1122,450
ckBark,62
|1.Link|,1111
cronjob2000,50
goodaperson34,32
francofrantic,1591
darknessofworld,11388
KimberlysEyes,43
cccbycox,81
full_120,47
key3film,1163
Donnie Yen,81
Rapidwarez4u,519
timoti84,6484
marpycoco,318
WiZARD OF W-BB,3370
marcoacero,227
whomeis,43
axman63,81
BASiQ,135
ugabugapyly,175
|monarch|,3806
silverwoft,378
nzindiboy,337
voltirbisop,12576
Craf9,250
sundarmobiles,66253
rsheria,343
pinio,3463
dosanti,300
Robyfly,233
amarshall117,140
kit777,17463
horrmet,6692
Prinks1,2399
V2CPT,868
dave811,62
spurpose35,266
harmony83,362
uplodu,92
rani44,390
HPHD.,6071
uinneit,118
100%makedonec,49
buleyb,513
kamzaf,232
RavekCN,226
Fbka,905
Sartre,8821
Tobacco Road,14283
blue_154,159
BW-BP,760
m0min5_,8112
-JOE-,295
ArNET,544
Gkhan.,3727
WarTaipan,978
AquariusPL,310
zimzam,72
blueybaby,898
chootadon01,36
drhamaka,86
Contaminator,342
aadott,106
LastLight,144
lemonzoo,159
enterprise1,5949
AlexXxuTzZu,293
K-KING099,1312
sturdycracker,63
~BiRdMaN~,591
hhhgame,45848
MyCuTiPaI,178
greatchi,69277
zixziko,544
avro.bd,5470
vmshare,8899
moh3en,234
HPHD,32469
MARBOT2012,131
Flypers,11644
volimsir,435
Winchester999,49
sweetKid,5082
ketupal100,429
Inder007,2304
super-veve,18829
fenomen28,800
stefanlecko11,32
stillrock,410
ex-Code,515
| BETA |,2276
lalmiavai,163
LKROCKS,4728
muhammadwaseem,38
baxterd,1056
pepsi86,229
WALL-E.,221
matsada,166
|Leader|,710245
Abdhw,71
scarlettjoha,327
DLFX,175
toxicweasel,2998
xNynx,270
Fu-do,86
freshdown,121
universematrix,166
The Kung,365
IllRosi,120
eyesonlyuploads,8534
thedossetup,954
toonstar,340
enriqueksr,205
DaaD,6559
.BoB.,1551
andino2,589
p33no,4335
genemnc,246
LED3,48
|BlUeRaY|,2019
Upload3r,4748
gorilaz,922
rafaqatkiani008,1724
RLSARC,1639
GhOsT^,997
sandeepr,1491
vinok2,1329
CP1832,214
kbat69,2375
saatcham,78
HiLo!,210
Freedom35,96307
princedm,989
BebeeBoo,264
~Releasesking~,1105
ilybe8,1483
MasatoEM,141
shakir74,1478
hdpiracy,127
||HDMG||,17919
mlam7,586
jonesp123,42
Czekanista,79
torrenter,164
cartoon80,3118
alshairi,70
lunaekCAPULA,613
johnsm2,237
Aurih,2132
JonPinto,240
iAmMaximus,40833
Giovanni.bj,792
baby.sa,308
sherlock92,96
pierwszy,93
WarezHouse,251
edump,28022
strikan,875
rapidols,87
misanphan,386
t3odor,27
Jet-Li,49600
briann_cs,142
yachie9,1457
trumita,267
bedazzled81,72
DxGen,5476
Shaki NR 1,40
Lorenco.,768
Captain_007,456
Namoadi,826
llHoov,332
- The Saint -,168
lcee,899
atik0786,212
bestbadri,135
NFS2000,167
ev33,6373
fm157,2778
kris20,2703
rwdfox,48532
fallwew,79
PrINCE v3,27732
mauricio2050,88
tomerlingo,10811
|HITMAN|,8493
Junaid92530,610
KinG_RippeR,13698
SinThink,64
irfanafhan,1119
cuddles227,47
inpryce,87
P-World,137
kevinbfc,71
sandha,110
rossc007,301
Mr.PM,144353
Casper_2641,694
zahidlove,4420
ButanoicAcid,108
n21115,72
youwarez123,90
share4u11,24485
steveb2008,531
ArminVBA,152
champidobai,398
dum@n,8506
MarcosReborn,105
stefano09051988,2719
lingaringa,3929
Proghunter,56
daatam,1170
bymicro,300
learn2earn,179
cyclon4004,35
Ada1122,709
Kingfan,84
DreamLost,43
Latestdownload7,662
newbramj,43
JubeiMV,1318
Z4rroc,33613
wherepiewhere,876
Bidabadi,338
alih110,4284
ark69,849
avanzara,2687
FUTURiTY,3092
..Night..,146
thor84,53
scenewhite,1477
s17_koelho,32
tranquilito,1538
n3sl,6930
-RoCkStAR-,23
gloda,683
Mindsaver,86
gfxfree,2479
Suwadith,100
furqanali332,181
yousif14,197
God Of Warez,4678
k!113R,235
W4R3ZL0RD,967
DiViSi0N,3286
zlatkiller,105
s@ntana,662
gyrospaz,593
m1cr01,368
supernoodles,2110
naked_soul,32114
lsbham,282
ptu_cb1990,251
h4s3eb,9685
adxx,1475
selambe,9221
djaa2807,258
SherifDown,66
azorrr,2055
Ssadman,1695
jom2pay,88
david_villa07,5912
Netwolf_,701
panzdzisio,181
tomislav2634,360
Garriso,581
d2hh,3850
szachtar,4140
daavup,252
DVB4IR,360
