hamid3360,3
alibaba1992,16
pendora.,14
GEEKiSM,8
congacon1,0
pendora1,2
Kyth,1
suzanb,1
MegamanX29,1
zaqs,0
mzainal,0
HD3D,120848
mcmoore,41
zaved,87
MR.Blue Ray,8
Xperiment,1
KZEE,1
nerov0lt,0
aleksandar122,5
xxxtreme_warez,0
ar$enaly,135
stphz,9
kolusberti,0
azcb,285
frank_hardy_1,33
mukeshkumarjat,7
macbid,3
0dayreleases,5
goliatroper,7
Danny432,0
***Sarabjit1991***,18
sun00922,76
gryffinhot,0
torrfriend,183
perrenial1,9
rowjas,10
tahirirfan,0
trex9810,43
zecika,2
axman63,1
VLT,1
.g89,1
aigl,2
JWEE_,0
silver_coyote777,15
VooDoo,0
TheNewGuy,2
rabbaoss_khan,0
hafiezz,0
bridget714,2
Utakata,1
geeklovenerds,793
ksmafia,0
raiyyan,68
kudoz,21
bola 2000,24
Fu-do,0
drk,0
valdoo,2
yhunykx1986,11
Gu3$t,80
nk2,37
Super-avoua,4
lfc69,3
rwdfox,506
sumant1nov,6
Masimo,876
the_head,1
xfiles5,2
SABERWOLF,0
strike,0
shinto_cute,3
sbil,0
alinice321,0
GubrakZ,12
all4link,12
Mioni,74
Shaktimage,24
suffocater,18
White Flag,986
:.irfankasuri.:,5
titou25,0
LGatakan,1
omid4041,0
.:Jamie:.,5
Don Kupinic,0
mo,4
4T7,9
KingOnSlaught,18
LMK,19
.vaLk.,58
Buccaneer,3
genieous12,50
chans1212,0
junaidaslam123,8
FaBoy,16
bigkajamma,26
nScorp,663
mssinclear,13
Machar,1
AnnArbor,226
vijukarr,3
MiLLi0n,3
kpo_41,1
Jalandr,50
M.A.Abbas,2
viturdim,0
wiggle99,6
FXZ,0
almanerviosa,1
Koenigsegg,9
Dragme,11
Brooks_Wilder,0
Xl Horror Xl,0
w2a,0
madushanka92,0
horen,0
jasonangel,156
YungPak718,0
vidareal,0
nino191d,0
76884,0
aziztaher_ali,1003
iShagg,0
hatem20,1
mobile_guru,1
tkutta56,1
camillesexy66,61
LoveHit,18
thalemding456,1
SeeingMole,13
butay056,0
heart_tracker,0
Nono Ono,0
LordKJ,1
blazejrybnik89,0
N@UgHtY.,54
Ralf1022,20
Shaki NR 1,0
VsEriEs,903
hotheton,8
The_BlacK_MOON,399
refat13,3
LxPower,2
irani1,9
skylarkavenger,15
pavuky,28
shreyash511,0
jagsbond,3
fethuoclak123,7
filebb,136
Inpesctor-Gadge,3
manu4u4ever,23
.: F A S T E R :.,365
Madball74,76
AcC3Ss,0
MASK ^_^ MAN,0
3DStuff,1808
ErrorL0g,4
SHULiBAN,149888
.Hancock,10
DDLForce,37
Uub,0
apiton,5
sharryhundal,0
.hc,9
Darmycom,7
arielcairo2,0
umardon,8
nakamychy,4459
Poison1vy,12
umut,107
BoucherFMV,1
Drakenhoffer90,1
isolt,8
Marderus,1
sprig,131
noor7us,55
on2track2,0
carlos.abr,0
sabeesa,1
hudna6,1
tokenman,47
cekicen,0
CyberBB1,40
alde69,0
Forcefire_2009,1
nofearfcp,83
Unlimite,10
Filmko,0
moaeadC,2
Greenlitsky,4
noam_7,7
sabastian130,2
Soniq,3
woodin11,66
Stevepax,0
K_WORLD01,7
cheefwaqas,2
tom_riddle,12
xGreatx,142
makeman,3
BBspider,90
zizitenk,0
goliath421,4
marios22,7
Shnaks,0
dejawuu,9
Leviatã,0
HotGirls,52
ratpack,7
azhurecore,5
lacho15,2
marcos32,45
.::Devil::.,3
aqeelz,14
TSW,0
DJ-DamianJade,1
K0nK0nK4n,35
FreeDoom,0
jackiechanmnm,0
Divesh94,24
jackdaripper,9
sajid4u4,2
Epichomie,834
punkyspunky,16
google35,47
nenadx,57
Caddilac,0
champidobai,59
iftikhar206,9
..Night..,0
lord vicious,0
rockyjohny,70
.1Link,4
michaelfree,6
greenleaf123,3
PrestinG,0
rhinoboy,0
[I am AWESOME],5
ClosetMonkey,1
moonkh,0
yuzuak_holding,3
sweetpaki,98
afandiadib,0
LukeFabre,3
cleandryair,3
Rzvi,2
GerianG,5
mandeep145,0
KimberlysEyes,0
H U G G I E Z#,0
neoftp01,1
stanza,0
goodaperson34,0
francofrantic,2544
ogimima,0
ar3_returns,2
Mr.MindfReak,0
full_120,0
Donnie Yen,0
mhbeaver,0
Konacno Bre,19
micro.MKV,41
narciXD,0
Isfou77,0
ikosa,1
univerzalac,117
tayaxiig,5
spayder,2
lukas1794,0
rsheria,8
c'mon,0
Prinks1,79
V2CPT,0
Cyberfriiq,0
Telly4yEo,2
rainy19,0
HPHD.,136
uinneit,59
klati2,8
Zoks :D,76
maddy1412,0
Sartre,221
Solitary1909,6
BW-BP,1
m0min5_,68
M_F_T,109
devilsnare,1
@zero,1
Jcb526,0
JonPinto,2
payymon,0
yelv�k,1
garmi4556,39
kenongxs,0
Sudosu,0
lemonzoo,8
aliarham37,0
AlexXxuTzZu,35
5tuntun,2
sturdycracker,0
arka123,25
avro.bd,136
irproud,24
StonyHeart,19
baRd9,4
HPHD,1025
ertrush,7
kennyjam17,1794
M3DIAFIR3LAB,2
Flypers,915
inbrightestday,0
2421,4
stefanlecko11,0
zodyak2,0
| BETA |,447
chesrez,0
ironman55,496
Arash88,1
delboy221986,25
Abdhw,0
raime1978,10
DLFX,1
d'Alembert,3
OverMask,17
EnzoLouis,0
Ethos,1
modyeltohamy484,2
catman919,54
tarawinder,27
edump,1247
vvikkass,4
kalpak2021,200
amrod69,0
Drmerfull,4
RobertoWarez,2
sveznadar_7777,0
mster8,12
ironmankho,0
Spyt,1
GhOsT^,1
voyager1908,0
Mamba25,1
bartmal,134
HiLo!,1
blueshadow2911,1
Todd23,1
shrizwan,12
princedm,0
dubzx,14
Rocky9,1
tempacc001,0
man-l,61
se7en77,12
Carm@gedon,0
robinchwan,15
jonesp123,0
Czekanista,1
torrenter,1
derpderpington,7
swimdude,2
stefano09051988,3
iAmMaximus,2059
lolitosfb,0
Boss,8
dansmamma,0
ftcc,4
c0red.rip,1577
pierwszy,0
WarezHouse,2
keith1569,4
strikan,91
rapidols,0
.Scouse,0
misanphan,1
Jet-Li,584
F37,2
popopio,5
d3m0n0,6
wahirua,0
tanner6565,0
Niko319,28
Wirellell,332
midgo,14
lepunk,0
sandha,6
indium,10
Lorenco.,16
volkanix,27
siotla,0
RELEASE:GOD,55
ahly2010,35
lcee,9
kingpong,23
maxellpraveen,10
ev33,137
qwertzOr,6
kris20,21
movee08,1167
wyatt1967,0
enterprise1,25
dgnrulz,0
Junaid92530,2
KinG_RippeR,697
bleackened,0
P-World,2
nevaeh,46
kevinbfc,0
waleed123,4
mediabucks,0
dahwarez,7
zia019,5
Mr.PM,4984
totulmoka,1
paulman,8
rajuchacha,6
dadden66,60
tanematic,2
tanxihao,0
LancelotX,0
colourcool,0
lingaringa,47
clianers,0
Obamm4,19
knolan_gluth,1
jack88will,0
dlportal,0
ramboromeo1234,5
bradleyULDer,1
cinephile1,11
Kingfan,0
Bergeron,13
newbramj,0
|HITMAN|,572
wbuphet,200
stanoye,1
shiba123123123,1
bek4ever7,5
pooyan2012(2),3
FUTURiTY,202
hus01,0
clavier2008,0
fishmark285,8
synstar,39
bharg123,0
PeeWee005,21
kaminas,0
gfxfree,52
pagolni,18
Dichzla,1
Kreas96,6
leelsylsiae,0
s@ntana,31
gyrospaz,117
m1cr01,5
supernoodles,41
thebillie,27
kapil_ajmera,3
AcidBurn87,978
lsbham,1
ki3456,24
esrom02,2
Corpse_Grindersson,0
Anonymut,1
shman.shman,132
boyriot,349
pannaSD,8
GhostBe,25
bigartie,5
Schizophrenic_x,4
games_hunts,4
ntom,1
bunina,0
ATTIADONA,132
.:TorrentZ:.,0
jpeps,17
swsw122,3
ELJOPIO,7
neophitesup,3
Thunderfly,1
Megashares.,0
tomislav2634,0
SeXile,731
Mr.Traveler,74
Tsunam1337,0
nKim,5
lyf_me,104
lupinsgirl,306
JAKS99,6
lookingcoo_l,9
An54,0
XiRT4M,0
Bad Seed,680
- R O C K E R -,2981
H3112pay,0
-XVII-,118
white_snake,6
qwerzz,16
suadnovic,3
vncpatrix,2
mauricio2050,0
|HDmania|,3
marson,6
SaliPDG,1
udsrec,127
92michal92,6
soyotoyapex,292
ksysiu18,51
dudrif,371
damirex,26
maligrizebeton,15
Jinx89,1
Amelijaaa,31
r3order,15
wakefield,301
promdi,14
vojin123,1100
MyMovies19,1
public_html,238
nvzgroup,0
Baltyshark87,0
moviematic,0
Scarz123456789,0
sathish138,413
Kimosabe,2
sojao,0
bangungot,58
Fantasy_artist,65
vfxden999,33
sknandy11,0
sheikhchilli,2
VojtaCZ,0
sbwrz,10
Darker81,12
Chikinhri,5
Mel_Luvz_Anime,1
Yeassir,3
flwlessfrombirth,22
sam16roy,0
lpass,12
4ways,574
:USM:,0
Naughtydevilz,0
jkflash1964,0
ugrpau,0
LeviathanW,0
pipstanford,1
Help.Me,2
reune,0
amelf,119
unclejaksan,0
chicony,21
MokhtarBenAyed,0
TroicI,24
dudugames07,99
bigporn,0
javadth,4
quadrixx,24
legba74,9
~I am AWESOME~,1
kailester,0
GhosT1212,0
Ladli.Muni,3
llHoov,2
sakb,0
.:Djlatino:.,18
dantedevil99,1
ellen_dj123,0
Vamp!re,3
ricchaard,8
wolf1912,39
vpather,8
bobbysingh,1
EpicW,2
xzxaxrx,4
Leq®,0
tejas.rollin,11
HARRONASGAR,7
smileba,6
stallone2008,0
Unknown13,0
freecbc3,8
gustav007,2
enterkhan,0
iloveferb,38
out.look1,0
kingman_90,1
WILLETT13,7
ravij08,5
Drhank,1
Postarbhai,16
garykewl,0
smrki,131
aeckz,1598
quain88,104
Dodgy77,16
NA01,5
alisean87,0
nima_sin,2
Viper3773,1
WaReZ_ZuP,166
qwer200510,0
Daangi,8
_Dorukhan_,1
james5454,11
Stephan1,534
fullbaster,5
tv-release,3
belwin,0
^^GoRiLLaZ^^,20
.::DJ::.,42
atay,2
|love_hacker|,41
tuanq82,848
emeien_13,3
molchun,474
metehan777,0
qualanelt,17
devilmaycry013,2
zbaq,3448
hs97,0
dkingalon,3
axells,4
velocidade,1
BuYcKi,8
northampton,18
nzindiboy,30
todayfile,3
berreta22,0
stevieboy191,622
The_Movie_Man1,0
gonaPai,2
dontspeak,12
ronaldo2041990,2
maxiimum,0
Uzair Umer,19
__julian,79
ID4L,4
OzzYQD,0
downzwarez,1
NFS2000,0
gorilaz,4
chuckyp99,31
Share_4all,5
Seraf,304
nana1200,9
loopinmind,32
wliia4,68
dukeblue,0
Smarti11,0
_zer0_,9
sajidbaba,0
A.H.T.,0
markolopolos1,2
anubora,204
Zizitopas,17
iase,0
w.deadloads,2
aswere83,4
neghina,0
Intensity,1
voltirbisop,245
zm4u,19
eurofighter19,12
GOURMET,1
sexisash,7
frank_jonath,0
MKU.Deathstroke,0
hackwar,51
Ragh7,6
niedzielan360,3
Ebooks-Don,4
Dcfan23,6
silent_wind,0
UnrAreA,99
SeverNaya,0
humble3d,0
RemoEVA01,0
krazeek,5
wareztestbd,2
ZUBiK,2272
n00bf0rc3,6
Madness.hunt,75
Marusha,738
Badriprasad,104
||BaDshaH||,146
thesmx,0
Slapdragonx,0
ddagain,54
BNA84,3
Haplo12345,46
heliosmas,0
nwrz,3
ricotero29,0
Rmz Psy,27
khawajafarid,19
D3M0N69,0
XDeadmau5X,23
UNiCON,937
mediarls,0
.::MiRChI::.,103
unclef3st3r666,4
#NAME?,59
deviljinonline,3
Quicker,1
Casual69,2
Charles.01,14
samanth,2
lolort,4
DaZeffa2010,13
Oyunfrm,0
SiMmER.,29
wondezt,0
TROMA,1
huapingzhou,0
kamal124,9
CrematorMan,12
oscillator666,56
.DOCX,0
atdeskcz2,0
psphunt,25
billabongct,0
BebeeBoo,3
sconeindy,0
ShAaNiG,74821
kuss,3
pi0tr3k,12
kopacke,0
Bo Rock,8
Red Premium,20
WrzTeam,0
c1nn@m0n,80
alecssharpe,3
DJVideofan,0
hemuski,1
sridarshan23,31
PRADEEP77,0
eflatley00,0
apeka,0
Snikerzz,9
3tonyviet3,0
JsGroup,0
saeed1122,4
|1.Link|,8
sjk.sam,14
zixziko,5
darknessofworld,290
key3film,28
afsos78,0
milansd88,0
clight77,1
quintas,97
KarLi,0
RyoRen,18
bik123,4
MareP.F.C.,1
kenreaves,271
ether88,27
Nefar,0
Master-Uploader,7
ddogdan,0
sundarmobiles,97
Juniahh,26
Reen.,0
Oryad,23
moonsmile2009,1
kamzaf,0
popyflower,2
Annookk,0
.:MOdY:.,3
turbol,0
lprodrigues,1
dave811,0
ianto12,0
DuG.,12
harmony83,104
3,0
Achajr,3
eyeofodin,1
nero1989,1
darkside09,0
wbb_fan_1,0
rogue109,0
Ahmed Sadman,0
denata,3
SUPERSPEEDS,39
-JOE-,48
DuG`,0
leelsylsiae08,0
Duke Ardelis,0
pawli,1
moujabz,23
Transgamingz WineX,0
mank,0
tojik345,0
Guest,7
mkb4228,2
nitrocrash,2
.:Tex.Mex:.,13
CoffeeFile,0
Plava992,19
tbth_audio,38
hhhgame,782
idan_h,0
MyCuTiPaI,1
rawillkill,6
3XElitE,105
filwrz,0
nedjog5,66
moh3en,6
thedavid,0
s.saha420,2
MARBOT2012,1
#NO1#,80
gloda,4
asifkam1,106
desiguru,6
fenomen28,5
FreenaT2,1
ex-Code,5
satandemon,4
chrisrambo11507,44
maybank2u,1
LKROCKS,77
lovely1629,10
muhammadwaseem,0
jbird,117
pepsi86,0
WALL-E.,1
Kabanos85,7
kvikinko,18
hend1983,0
HEAVEN13TH,19
chrisjen24,0
pascalll,4
universematrix,0
DiVXFACTORY,0
MetalUrge,0
The Kung,4
thedossetup,32
dunkman,6
DaaD,182
Lawlessnq,3
DAttus2,0
alin18,0
fatahillah,3
ripper_polop,9
pparadiso,3
falcon87,1
ridgere,154
dinomerino,82
biti0,1
Xhizers,16
Remejeus,1
.:G A M E R:.,1
xrockonx,0
HDblockbuster,6
CP1832,1
anja_de,0
E V E R Y O N E,5
saatcham,0
readart013,3
Saving Abel,0
IAmMerciless,6
crazednuttyboy,1
ugabugapyly,0
Jimmy_smart83,4
klasseter,2
kurtzie,5
Zuper-Man,2
kit777,99
<sweeti>,19
lunaekCAPULA,78
mirrorseeder,0
johnsm2,149
bullrot492,0
Aurih,317
drhamaka,1
RIZWAN WAHLA,43
Ironman718,3
baby.sa,0
joeboricua,0
Obrien4,59
Andeko,11
.: RnR :.,3
p33no,63
Meera169,79
t3odor,0
xaxx,2
murdpower,0
bad_student,3
animekicker,251
Dr Globil,1
NAVEENTHRICHY,0
neeraj907877,0
Namoadi,10
atik0786,0
warezfreak03,5
toxic_labs,1
Ludin,0
SheldoR xD,0
cr0x213,2
O-R-T-O-N,0
irfanafhan,1
tenzin.,17
Downloader123,40
inpryce,1
badgirl99,25
dumont,3412
B3hr0z,4
Casper_2641,6
XXX22,1
Arth101,92
haqwarez,6
phantom_ass,8
share4u11,7115
arnoldas852,0
ArminVBA,5
kmal123,3
dum@n,60
lionshelter,583
MrOhary,17
dewdy2k,1
zvonenie33,1
bymicro,2
keepnpeace,24
PrivyHacker,87
nemesis07,2
Latestdownload7,8
Z4rroc,184
xwmario,63
Mahaj,40
alih110,16
upslash,10
Mi-an,0
metallica1992,3
thor84,129
ngangas,12
tranquilito,105
1-LINK,10
-RoCkStAR-,0
Maron Down,0
crazyGamer44,2
XsX,0
destroyakanico,3
mamun_1991,0
coadN,2
hhalem,6
yousif14,0
sunmenghao,1334
DMasti,683
XeLeRoN,1
zlatkiller,0
.BoB.,49
naked_soul,18353
adnan099,0
pinkpari,7
lilysopa,29
selambe,130
Mrrrr,0
@qqk@,23
damkal,0
urpapa,3
zei_na,0
hardcoder,15
netforsp,1
firaki12345,13
ranaking932,6
S J A,5
callz,1
clark1963,1
*NidaA1*,7
seriesnetload,25
PinoyW,0
NormanCruz,6
:i Am passiOn:,0
Crayzies,0
Wing44,1
dvdgame01,5
N4ughty,86
tun12,8
vahidwasp,13
timbalance,2
readart003,0
::Jeebus::,1
tugakiller2,0
foomanchu,8
Latest.R,97
duhalala,0
MissyL,1
ResumeLinks,40
Tanpanama7,14
peki90,6
indubitable,43
coolscorpiorohan,50
monkUsa,4
sinnamonwolf,42
muzzz007,0
rsapple,2
ulpo,8
Goodrifle,9
.aSn.,61023
furqandvm,6
kwazar1981,1
t2,1
christiandeflores,1
daviedee,1
KinGRippeR,36
james818181,0
ASWNN666,9
Ganryu114455,0
highstar,0
TehOracle.,7
lrnetwork,0
undorre31,19
dany25,0
insanity_666,6
@S,1
commannd1,1
ataquero,7
haib60,1
*IMAGINE*,0
dars86,11
noutilus12,10
abc.abc,2
S H E R i F,6424
Zahid online,2
wOrLD.pOw3R,2
dogburger,6
TeamTDK@AF,0
Mr. BluRay,19950
stahinjic ban,1
movshare,0
johno333,0
arnoldkile21,3
Keili,0
Greeny1337,3
shannon3,120
kavkiskey,1
shravanwadhwa,135
perst,8
IGM0937,1
sharp488,12
nikhil07,5
koraysoner,7
larkze,1
Unwritten_Law,11
flaflatw,38
azhushare,2
=COPKILLER=,1
liabra,1
DeWe,5
IteM.SonG,52
mayangard,0
SUPERNATURAL,25
logie19,0
pawelsqn,0
antibiotica,31
SilentSpartan,20
Sir_robin,1
HD-Pakistan,0
aayushagrawal90,8
chellam,2
al3xla,0
alashrafedu,1
tinkoni,33608
E.B.K,0
ahid1234,0
street star,7
razor-x,466
at368,6
keatonG,3
B W B P,0
JOƘER,37
audionic333,2
@GENT,0
Linux.BD,194
rememberit,1
duplesi,19
thenilblue,0
Mystyczny,2
smieszeczek,0
.:MaX:.,0
darkd666,0
BinariiAngel,12
NewRls,4
davinci5156,3318
jihad25,30
MacClassiK,43
mrbenjamin,0
Ichthyander,23
kotlt,35
napster26,0
derslived,23
forwant,0
Rahul.69,44
Ebik2,1
Lara1408,38
pinio,68
jatin17,2
apple23,28
jack121,0
.: AliRezaas :.,1
szachtar,128
Gii1818,7
sergeyrod,12
DOWNFREAK-2,23
pudch101,0
BabyGarnetgirl,2
webmate,9
fat_fighter,30
raku11292,73
warstar74,1
grubasek,76
Downloader2012,0
tikb0y13,72
galmuchet,5385
ptcuye35,21
donlio,0
BodMa,30
mutukk,1
milosmnn,0
KISHOREAPU,107
carmentipa,33
Gurana,11
Hitesh Patel,3
rahul2u_u,0
kayla-3x,4
K_NIGHT0115,6
genemnc,5
HDC0OL,968
shkodra_hacker,2
goodgoodman,19
sa1901,1
wojtekgaca24,2
sameer007,7
rewari49,5
alikhan00007,0
Mungi,221
GreenDot,49
web-man,3
Flaiho,3
HDBlaster,11
.Rolex,401
cOOlvin,136
Anorensic,1
Upload3r,88
jakocu24,7
dearasifkam,40
waroth,97
pablishto,0
underst33,398
xesshi,5
evapoison,64
knightrider5,1
4HDD,41
|NewBie|,53
sontikumar,1
Tenday,4
ngaogiangho,4
repture,4
JNNy64,7
ctd87,14
visionx,104
tinutuva,20
Mr.Fordo,22
slyzeronsf,0
zinkoam,93
humingbird1,267
elena1973,0
mrsaba,3
iLLuTioN,13
pinkside,1
SarangMovie,3
plomien86,1
egg64,11
girlusa3x,0
toritori,11
hnos97,145
virgin-heart,58
mkvtony,936
Elnaz,165
yesobamaa,0
Famous8Inches,6
A-T-O-M,181
normandy88,1
blahblah72,1
bhGtYgt,1
shahpar,11
Janissery,5
Gob,37
aptechfsd,1
kenchien,2152
CoolAsIce.,43
jobbet919,5
aftms,80
pat_1uk,1
revelax,1
Druid,4
justfourmedeeva,45
drtrucker,4
W3st_Wind,85
Anti.mage,6
kalimali,40
whitepanda,5
golemsonbi1,24
sakbtahir,3
|KiNG-GTR|,432
majster168,166
cleas,1380
excopbecks,0
Dr.Mouse,5
..::  arYzs ::.,171
shiva.om,9
yurizone02,1
redcupXD,0
johnnygt,1
adhilegend,6
WOIM,7
kapakli,17
sirithanan,4
@mico,4
avRoo,128
Si7mL,110
BLizZ407,360
khurramshezi,0
ckBark,90
cronjob2000,2
leecher5000,1
cccbycox,0
timoti84,51
Yohan...,19
akuma1983,0
WiZARD OF W-BB,3896
Giovanni.bj,73
marcoacero,1
klilogla,0
whomeis,0
BASiQ,1
shakir74,20
|monarch|,14
silverwoft,4
freekers,0
DeArDeViL,0
*Eaven,5
Moodik,0
mugen2k,11
dosanti,8
Azurenus,19
horrmet,112
nCODE,3746
GunzNRoses,1
Rapidwarez4u,4
uplodu,3
rani44,6
#the Hunter#,0
ahly1751,1
xbadboyx,1
buleyb,13
nexus_prime,0
sabrina13,3
RIGILKENTARUS,1
Jaysonn.,0
Tobacco Road,397
Lenerdosy,1
ArNET,4
starchrist,0
WarTaipan,27
AquariusPL,1
zimzam,0
crazymafia,1
PiskopatYazar,8
Contaminator,245
aadott,0
K-KING099,15
tAALz,17
~BiRdMaN~,1
greatchi,1440
limpwaster,4
agent bartowski,14
marinapari,0
selinag,1
mikec,2
ProUploader1988,0
Winchester999,0
ketupal100,0
stillrock,20
cinemania286,0
ytmf1981,2
romzon420,64
kingofnorthyork,0
matsada,0
|Leader|,38220
tatootian,2
ALone.boy,43
EncodeKing,83
thewindowsfreak,0
xNynx,6
wyop,42
banedream,65
james_ant,0
enriqueksr,1
quoid9doc,1
school_bus,10
andino2,8
djalonso,2
PREDB,9
zai89,1
LED3,0
"][,o0k~",1
kimminh90,9
|BlUeRaY|,19
juules45,0
besttechnoblog,0
rafaqatkiani008,232
RLSARC,19
sandeepr,11
myta,5
KiNGPiSSER,0
Evil.Genius,0
GeniusNET,0
Freedom35,1277
mexician,1
Pupusas2,6
ilovet,0
~Releasesking~,4
-=wAtsayabtcoffee=-,27
Lord Magneto,7
HDRipper,22
:I am AWESOME:,24
||HDMG||,985
mlam7,8
VoyagerAFS,2
legend10,127
lorisboris,604
cartoon80,18
mmoptusoft,37
raktivist,134
p3sh,0
m45h,11
junglistknot,1
sherlock92,0
gonlomas,7
metelci,0
shadju,8
nino89,2
Thetimetraveler7,0
navIVXX,1
brunooghe,0
e5lton,418
AllYouLike,34
Fony,1
DxGen,54
Dardann.,85
ljt,0
FTIGA,34
powaraj,1
- The Saint -,38
SpotlandRules,71
FireLady,9
shully,0
toshibanana,68
RandomRidoy,1
zer07,17
marinobon,2
bdlegend,211
PrINCE v3,3891
bidie,23
drakanua,0
tomerlingo,209
shantunisha,2
SinThink,15
shorebreak,327
rossc007,4
WaRez_Queen,84
zahidlove,24
KANE 123,158
Chlasio,15
n21115,20
PlugThePig,0
VidaPirata,41
steveb2008,2
MarcosReborn,24
"Iam""A"" LEGEND",7
wuxia1911,33
NEETIN,0
okacore,2
daatam,10
zagor777,6
Ada1122,2
cober,0
zoobia,4
wherepiewhere,21
M3nth0R,88
paradox_asgard,12
ark69,7
avanzara,35
tehloxely,13
eLs�k,5
zed_m,9
s17_koelho,0
andere123,1
sachinmail12345,6
imchakwal,0
Mindsaver,5
antonesamy,1579
shohel99,55
Bobero,2
Goaler,13
God Of Warez,25
k!113R,2
W4R3ZL0RD,6
Bush Pig,0
Th3DON,6
MLM.,38
sherbo,0
mahrsaleeem,0
yachie9,9
jack-the-ripper,26
FuSiOn,30
.:Pari:.,0
Pr0uDy,36
waddaman,1
jaz657,234
azorrr,15
userx,15
david_villa07,265
juststeve,69
Netwolf_,8
singlewarez,1
Alicia holmes,3
adeel.arslan,1
moccc,5
MrJonas12,0
monir,2
Garriso,13
strongpig,24
daavup,27
agallantgallant,0
charchabil88,4
S.A.A.D,45
Jorispyro,0
uploader230,0
kiljoe,22
batman09,0
Im0rtal,0
3P!TOM3,45
DarknQuiet,41
SenTeLLo,2
i20234,0
xasta07,0
Zoran_,30
gargamail,13
burgerkingman,0
wolf_eye,6
marixtian,0
ultrascorp,6615
7123,35
BGST,12
Cloud_Shadow,4
wintendo,8
crystal_cylinder,2
ojosico_310,6
musm4,121
joaopebre,3
malik420,2
sree388,0
gotdev,5
Grover3,67
imkama,61
octoberim9,9
vietboi275,1
Mind Freak(PB),2
najama79,1
perkan�,143
taeoice,9
-MW-,3
Togama,316
kienpham,229
icemule1,2
PupaPowlo,0
moviesdir,3
pedrorios,2
bgrstaff3281,3
rg_kales,83
sourcherry,38
ceeker,56
.::RockeR::.,0
GoodPerson14,12
Hells Bells,1
elektronik,127
Kepler-22b,204
trwsxd,12
dd999d,2
dexster9,2
skylander,34
forgeton,0
irockfuru,8011
panzdzisio,2
fallwew,0
JABicon,65
Excellence1,0
Beautiiii,21
valama,0
H311-n-back,1144
learn2earn,1
azmatbutt,7
D4rk DeMoN,3
oldboy3,1
flashjj,14
MicrotiK,1
bouzix,0
masterpal,0
streamwatchers,0
vegetajgd,79
Elico_A,0
upload3er,162
klein87,0
Vipers Nest,3206
andrilla,12
tusharbakaya,13
#3|\/|4#i4,2
buloolz,6
akshay187,0
wankanobe,14
Vamp,85
usbuzzer,15
revenger123,0
djcostas,0
sgdez,7
UniMaTE,0
MrAssassin,1
wangshiqun,119
-=DeXTeR=-,30
reda240,114
JKBKJAS,8
KFP,6
lovver2,7
direct_only,0
FilmaX,1
c00lsud1,61
arkudas,15
cliker,4
Mosaico,12
Tompost,56
bane1212,38
Catlady,30
bestrelease,11
GuruAlive,9
maas1989,0
enjoi_9,5
:Ess aaYY:,31
sakliadam,0
Dark.Happy,1
bochi,30
matisse,4
Panda Dude,1
miloi,8
Rockinevil,3
zerk1,1
scrOllOck,8
aayanjaved,5
kan_yan,8
mrmovie1983,0
spurpose35,0
appsstar,5
theseus,6
alsabet,4
oodie,0
gfxturko,0
seafarer,2
halflife,49
Eugine,3
coldmindzero,0
fleszer,8
vegit,53
dhukhun,1
traxxo,0
atulsawant,0
ecik-CZ,89
ScreamOutLoud,0
Regolas,0
*stefan-te*,53
EnlishBabu,6
Dzash,21
Guss68,9
cryptlord,0
luckyvn89,4
Typhoon009,0
h1tm4n,3
marpycoco,0
Monster.Xbox,12
blackiswhite,27
lovelea,0
momosclan,0
|PR0LiNK|,6766
aadat293,0
Inica,19
FB69,0
johnnyshatin123,139
de crust,2
DragnZ,100
kire_koste,1
shakeer01,0
phoenix_dude,0
BAYER3535,68
naeemchap,41
dr.slum[P],80
mad max77,0
tetburia,0
amadamad1,14
myhat001,0
enixidfrag,40
punk_and_goth-2,36
DreamLost,0
CrOwN.,129
Sponding,1
tom37,0
ilikesoft,17
sbbaiy,108
nobita2811,0
djayz,0
HopefulRomantic,12
akira_kurosawa,0
|ShieldsectoR|,19
moulefriite,0
wheels2go,10
dj_pustak,23
Amiche,0
TimmiiG,2
sri_baginda03,11
pinkhat003,9
DvD2x,0
sharingxxx,1
driventodespair,3
pMXviD,226
smarties2k,1
liadokia,9
amarshall117,3
Casper,3
shaheen.khapk,9
since111,5
tewje69,1
SREEPULARI,15
sipes760,10
pagar�ka,5
YOU44,40
schiesstomi,0
sebastian.atb,12
freddy m,63
szajtek,267
aneishababy,30
hmshabir,30
hum@n,18
tingalvin,1
KALI12,0
criminal141617,1
pitininja,0
Lellly,0
mmachota,278
CARkeyODDly,3
MINUSBLINDFOLD,0
zacr102,180
bluffmaster12pm,2096
SaNcHeZ.CZ,22
retribution1887,1
loxfrdi,28
Bell@,9
MobyMaster,3
hellagent75,11
rpgragexp,0
stefletch123,1
ariobarzan2,2
ExisZ,6
BUC2010,2
repoman.cms,2
AminFaris,93
voodoomagic,1
jjive,7
lowveles,0
wasifmajeed,15
m_myers,1
kissme1,26
sunflower5,0
Artemis Fowl II,28
Craf9,5
ulinsky!,738
Sting2324,1
Robyfly,2
kingtggdn,0
shubhamj598,2
cook942,51
vinok2,19
w0J,2
100%makedonec,32
ze-mulas,0
chogerbe,0
RavekCN,31
Fbka,109
Ash-91,283
Ratheesh619,0
blue_154,2
Gkhan.,59
horne93,89
BorlijA,629
cashidmark285,119
blueybaby,44
chootadon01,0
btflo,9
LastLight,62
FARCRY.,1
Captain_007,4
blink431,2
vmshare,105
pucado,3
komblandi,21
xandor,0
God919,4
alibaboolal,5
volimsir,8
siliconguide,9
sweetKid,55
KiAllL,253
Inder007,143
super-veve,168
|ClickMe|,8
segista,0
1ClickDownload,0
lalmiavai,0
Borussia_Dortmund,21
odnarb777,77
Gutac-Struje,22
baxterd,112
invisior,17
morn-attk,2
mp3chataka,0
don3000,0
-dollie-,2
scarlettjoha,2
elextaciador,3
toxicweasel,16
freshdown,32
rashoo,9
Singham,6
SnakeEyes,2
chilifactor,0
IllRosi,1
decter,87
eyesonlyuploads,247
toonstar,3
poncabird,0
DtPower,0
Danniboi22,159
baixefire,0
diamond00,130
bloodmage478,0
rflxn143,0
HD-World,820
#Major#,3
***Rocks***,142
mert_1047,0
A r f a r s H,3700
kbat69,110
DGN_RULZ,0
MeNe,0
milorisfair,0
webenor,0
fox5,11
MedRd,76
erick05,0
tetovarja,0
Slicer42,0
ilybe8,21
MasatoEM,0
hdpiracy,0
nobleman123,1
AyserJubair,9
alshairi,0
Rippingking,2
h4s3eb,68
katerina+giorgos,25
Bombernfc,7
cybernetic,1
downiran,17
a11mir,0
ashlecol523,130
demonicserver,7
kangur,0
cowboyup910,2
briann_cs,2
trumita,4
vicky_poster001,3
RockerOf'87,21
bedazzled81,0
dhruva91dec,0
sealteam113,0
Zaraky2008,155
openmedia,0
fileshare,1
dhoodle,1
::ALEX::,0
bestbadri,2
poulzipp,2
fm157,40
b7ri,31
czako93,0
startddl,1
XiZoN,13
wrigley26,52
cuddles227,0
leegt,540
E.M.,3
ButanoicAcid,0
youwarez123,1
redstaing,0
radioguy46,27
troyhs,530
Proghunter,0
Mr.Per,7
roop93,1
[ RKJ ],7
astrochart,3
ganterpv,24
boy_george,0
cyclon4004,2
mansheet,297
shoaibbabar1,15
Texas Homie,12
1GunHaWK,0
JubeiMV,13
HeisenBerg.,11
sequelae,1
Bidabadi,5
ashkaaaan2,123
gomzy,1
Matrix4u,1
kotlt1,12
OldOldschool,2
scenewhite,12
n3sl,177
.: fOOt :.,86
Eliyas.,6
sqazzer,25
Suwadith,1
theddlera,6
furqanali332,0
atoi_37,7
kmo_9000,1
shabbeerbaba,0
.: SallyAnn :.,9
thevisual-X,0
DiViSi0N,55
meesles,24
GreyPaws,0
STD16,3
us72969,6
ogrl3,4
Aw3s0meness,0
ptu_cb1990,2
hornoplenty,0
sahilshah1987,57
adxx,1
mehdi22,435
Like,9
djaa2807,162
SherifDown,6
bernard_bnt,15
Ssadman,39
darkdammit,4
Tzilka,0
jom2pay,0
olrac,2
mx120985,0
vkey,89
SHAHARYAR,0
ilcantar,25
midlaaa,0
maliksaifo,2
myself180,2
zam_dry,2
d2hh,7
derplulz,4
sahil 00150,1
DVB4IR,0
