,119
hamid3360,14
alibaba1992,49
pendora.,39
GEEKiSM,2
congacon1,1
pendora1,2
Kyth,1
suzanb,1
MegamanX29,3
zaqs,1
mzainal,2
HD3D,629
mcmoore,88
zaved,3
MR.Blue Ray,2
Xperiment,1
nobita2811,1
nerov0lt,1
aleksandar122,2
xxxtreme_warez,1
jack,8
ar$enaly,34
stphz,3
kolusberti,1
azcb,1236
frank_hardy_1,3
mukeshkumarjat,1
macbid,1
0dayreleases,55
goliatroper,8
Danny432,1
***Sarabjit1991***,5
sun00922,79
gryffinhot,1
torrfriend,4
perrenial1,3
rowjas,6
gfxturko,1
tahirirfan,1
zecika,1
axman63,1
VLT,1
.g89,2
aigl,1
JWEE_,1
silver_coyote777,1
Arash88,1
TheNewGuy,2
rabbaoss_khan,1
hafiezz,1
bridget714,1
Utakata,6
geeklovenerds,81
ksmafia,2
raiyyan,4
kudoz,11
bola 2000,6
OverMask,3
tv,1
drk,1
valdoo,4
Jet,2803
yhunykx1986,30
nk2,2
lfc69,1
rwdfox,1300
sumant1nov,4
Masimo,1642
the_head,1
xfiles5,1
SABERWOLF,1
strike,1
nvzgroup,2
shinto_cute,2
alinice321,4
GubrakZ,3
all4link,7
Mioni,3
Shaktimage,5
suffocater,1
MissyL,4
:.irfankasuri.:,14
titou25,1
LGatakan,1
Jinx89,9
.:Jamie:.,1
Don Kupinic,1
mo,13
4T7,1
vfxden999,4
LMK,9
.vaLk.,2
Buccaneer,1
genieous12,27
chans1212,2
junaidaslam123,4
FaBoy,72
bigkajamma,1
nScorp,137
mssinclear,151
peki90,2
AnnArbor,1985
vijukarr,2
kpo_41,18
Jalandr,44
M.A.Abbas,2
viturdim,1
A,56
wiggle99,1
FXZ,3
almanerviosa,6
Koenigsegg,1
Dragme,54
Brooks_Wilder,1
Xl Horror Xl,1
w2a,1
madushanka92,3
horen,4
jasonangel,17
YungPak718,1
vidareal,1
WrzTeam,8
76884,1
aziztaher_ali,15
iShagg,1
hatem20,1
PlugThePig,1
tkutta56,4
camillesexy66,12
LoveHit,4
thalemding456,7
SeeingMole,12
butay056,1
heart_tracker,1
Nono Ono,1
LordKJ,1
blazejrybnik89,1
N@UgHtY.,267
Ralf1022,8
VsEriEs,44
hotheton,1
The_BlacK_MOON,71
refat13,4
LxPower,1
irani1,1
skylarkavenger,21
pavuky,9
shreyash511,1
jagsbond,1
fethuoclak123,5
filebb,457
manu4u4ever,1
.: F A S T E R :.,59
Madball74,81
AcC3Ss,1
MASK ^_^ MAN,1
3DStuff,41
ErrorL0g,1
SHULiBAN,294
.Hancock,9
Super,37
DDLForce,5
Uub,1
apiton,3
sharryhundal,1
.hc,3
Darmycom,1
arielcairo2,1
umardon,1
nakamychy,3431
kayla,2
Poison1vy,74
umut,791
BoucherFMV,1
Drakenhoffer90,1
isolt,1
Marderus,3
sprig,29
noor7us,10
on2track2,1
carlos.abr,1
sabeesa,1
hudna6,1
tokenman,30
cekicen,1
CyberBB1,172
alde69,1
Forcefire_2009,1
Unlimite,1
Filmko,1
moaeadC,1
Greenlitsky,1
noam_7,1
sabastian130,11
Soniq,2
woodin11,46
moulefriite,1
undorre31,3
tom_riddle,2
xGreatx,428
makeman,3
BBspider,3
zizitenk,3
marios22,2
Shnaks,1
dejawuu,1
Leviatã,1
HotGirls,11
ratpack,1
dj_pustak,1
lacho15,1
marcos32,2
.::Devil::.,3
aqeelz,1
*IMAGINE*,1
K0nK0nK4n,27
FreeDoom,1
jackiechanmnm,1
freekers,1
Divesh94,1
jackdaripper,6
sajid4u4,6
Epichomie,578
punkyspunky,1
Ash,95
google35,1
nenadx,31
Caddilac,1
champidobai,8
iftikhar206,2
..Night..,2
lord vicious,1
rockyjohny,17
.1Link,1
michaelfree,1
greenleaf123,1
PrestinG,2
rhinoboy,1
[I am AWESOME],3
ClosetMonkey,1
moonkh,1
ahly2010,3
sweetpaki,21
afandiadib,1
LukeFabre,3
cleandryair,1
Rzvi,1
GerianG,8
mandeep145,1
KimberlysEyes,1
H U G G I E Z#,1
neoftp01,1
stanza,1
goodaperson34,1
francofrantic,63
ogimima,1
ar3_returns,2
Mr.MindfReak,1
full_120,1
Donnie Yen,1
mhbeaver,1
Konacno Bre,11
micro.MKV,1
driventodespair,4
Isfou77,1
ikosa,1
univerzalac,86
tayaxiig,1
spayder,2
lukas1794,1
rsheria,3
stahinjic ban,1
Prinks1,7
V2CPT,8
Cyberfriiq,1
Telly4yEo,2
rainy19,1
HPHD.,10
uinneit,312
klati2,13
Zoks :D,1
maddy1412,1
Sartre,161
Solitary1909,1
m0min5_,55
M_F_T,53
devilsnare,1
@zero,5
Jcb526,1
JonPinto,1
payymon,1
yelv�k,1
garmi4556,11
kenongxs,1
Sudosu,1
lemonzoo,18
aliarham37,1
AlexXxuTzZu,8
5tuntun,2
sturdycracker,1
arka123,1
avro.bd,575
irproud,6
StonyHeart,6
baRd9,1
HPHD,20
ertrush,12
kennyjam17,153
M3DIAFIR3LAB,4
Flypers,3639
E.M.,1
inbrightestday,1
2421,1
stefanlecko11,1
zodyak2,5
| BETA |,8
chesrez,1
ironman55,1881
VooDoo,1
delboy221986,2
Abdhw,1
raime1978,2
DLFX,2
d'Alembert,1
.DOCX,1
Ethos,1
modyeltohamy484,25
catman919,5
edump,660
vvikkass,2
kalpak2021,3
amrod69,1
Drmerfull,1
RobertoWarez,1
sveznadar_7777,3
mster8,6
ironmankho,1
Spyt,1
GhOsT^,18
voyager1908,3
Mamba25,1
bartmal,1550
HiLo!,2
blueshadow2911,4
Todd23,1
shrizwan,2
princedm,7
dubzx,26
Rocky9,1
tempacc001,1
se7en77,65
Carm@gedon,1
robinchwan,16
jonesp123,1
Czekanista,1
torrenter,2
koraysoner,1
swimdude,1
stefano09051988,28
iAmMaximus,10
lolitosfb,1
Boss,1
dansmamma,1
ftcc,1
c0red.rip,504
pierwszy,2
WarezHouse,1
keith1569,2
strikan,3
rapidols,1
.Scouse,1
misanphan,2
F37,2
popopio,1
d3m0n0,54
wahirua,1
tanner6565,1
Niko319,1
flaflatw,15
midgo,1
lepunk,2
sandha,40
indium,1
Lorenco.,5
volkanix,8
siotla,1
RELEASE:GOD,299
lcee,1
cheefwaqas,1
maxellpraveen,7
HD,212
ev33,2
qwertzOr,7
kris20,11
criminal141617,4
wyatt1967,1
enterprise1,37
sojao,1
Junaid92530,9
liabra,3
KinG_RippeR,7
bleackened,1
nevaeh,24
kevinbfc,1
Shaki NR 1,1
mediabucks,2
super,228
keepnpeace,11
zia019,1
Mr.PM,235
totulmoka,1
paulman,101
rajuchacha,3
dadden66,4
tanematic,1
tanxihao,1
LancelotX,4
colourcool,16
lingaringa,54
clianers,1
Obamm4,2
knolan_gluth,3
jack88will,1
dlportal,1
ramboromeo1234,32
eurofighter19,9
cinephile1,1
Kingfan,1
Bergeron,2
newbramj,1
|HITMAN|,1669
virgin,11
morn,1
stanoye,2
shiba123123123,1
bek4ever7,4
Red Premium,1
FUTURiTY,18
hus01,1
zacr102,1702
fishmark285,39
synstar,31
bharg123,3
PeeWee005,20
kaminas,4
gfxfree,95
pagolni,6
Dichzla,4
Kreas96,1
c1nn@m0n,4
s@ntana,24
NFS2000,3
m1cr01,5
supernoodles,16
thebillie,6
kapil_ajmera,1
AcidBurn87,20
lsbham,4
ogrl3,22
esrom02,1
Corpse_Grindersson,1
toshibanana,6
shman.shman,2
Ratheesh619,2
pannaSD,2
GhostBe,1
bigartie,1
Schizophrenic_x,1
games_hunts,2
ntom,1
bunina,1
ATTIADONA,48
.:TorrentZ:.,1
jpeps,13
swsw122,6
ELJOPIO,1
neophitesup,1
Thunderfly,1
Megashares.,2
tomislav2634,4
SeXile,2
Mr.Traveler,30
Tsunam1337,2
nKim,1
lyf_me,8
lupinsgirl,1
JAKS99,2
lookingcoo_l,4
An54,1
XiRT4M,1
Bad Seed,323
H3112pay,2
white_snake,1
qwerzz,1
suadnovic,9
vncpatrix,1
bidie,1
|HDmania|,1
marson,2
SaliPDG,1
udsrec,1146
92michal92,1
soyotoyapex,494
hellagent75,1
dudrif,89
damirex,19
maligrizebeton,5
omid4041,1
Amelijaaa,2
r3order,2
wakefield,20
drakanua,1
vojin123,509
MyMovies19,1
public_html,1539
goliath421,1
Baltyshark87,1
moviematic,1
Scarz123456789,1
sathish138,10
Kimosabe,1
dgnrulz,1
bangungot,47
Fantasy_artist,21
KingOnSlaught,1
shantunisha,1
|KiNG,4
sheikhchilli,2
VojtaCZ,2
sbwrz,18
Darker81,2
Chikinhri,1
Mel_Luvz_Anime,2
Yeassir,3
flwlessfrombirth,10
sam16roy,1
lpass,2
4ways,222
:USM:,19
Naughtydevilz,1
jkflash1964,1
Mi,1
repoman.cms,1
LeviathanW,1
RIZWAN WAHLA,1
Help.Me,1
reune,1
amelf,12
unclejaksan,1
chicony,85
MokhtarBenAyed,1
TroicI,14
dudugames07,1
bigporn,1
javadth,1
waleed123,1
quadrixx,1
legba74,1
~I am AWESOME~,2
kailester,1
GhosT1212,1
Ladli.Muni,1
sakb,2
.:Djlatino:.,2
dantedevil99,1
ellen_dj123,2
Vamp!re,13
ricchaard,2
wolf1912,26
vpather,1
bobbysingh,3
EpicW,1
xzxaxrx,1
Leq®,1
tejas.rollin,3
jjive,3
smileba,2
stallone2008,1
Unknown13,1
freecbc3,1
gustav007,1
enterkhan,1
iloveferb,832
out.look1,1
kingman_90,1
WILLETT13,1
ravij08,1
Chlasio,16
Postarbhai,5
garykewl,1
smrki,8
aeckz,2123
quain88,22
Dodgy77,7
NA01,1
Jimmy_smart83,1
alisean87,1
nima_sin,2
Viper3773,1
1,4
WaReZ_ZuP,80
qwer200510,1
Daangi,2
_Dorukhan_,1
james5454,11
Stephan1,1947
fullbaster,2
belwin,3
^^GoRiLLaZ^^,9
.::DJ::.,18
atay,2
|love_hacker|,35
tuanq82,1610
emeien_13,9
molchun,195
man,3
metehan777,1
qualanelt,9
devilmaycry013,2
zbaq,684
hs97,2
dkingalon,1
axells,1
velocidade,7
@GENT,1
dahwarez,5
BuYcKi,4
northampton,6
nzindiboy,2
todayfile,1
yuzuak_holding,1
berreta22,1
stevieboy191,1
The_Movie_Man1,1
gonaPai,2
dontspeak,1
ronaldo2041990,1
maxiimum,1
Uzair Umer,4
__julian,22
ID4L,2
OzzYQD,1
downzwarez,1
gorilaz,4
chuckyp99,10
Share_4all,10
Seraf,8
nana1200,2
loopinmind,28
wliia4,67
dukeblue,1
Smarti11,1
_zer0_,4
sajidbaba,1
A.H.T.,1
markolopolos1,1
anubora,62
Zizitopas,28
ex,3
iase,1
w.deadloads,1
aswere83,5
neghina,1
sunflower5,2
Artemis Fowl II,12
zm4u,2
bradleyULDer,7
GOURMET,1
sexisash,7
frank_jonath,1
MKU.Deathstroke,2
Haplo12345,1
hackwar,1
Ragh7,15
Ada1122,8
Dcfan23,1
silent_wind,1
UnrAreA,1084
SeverNaya,1
humble3d,1
Kepler,20
RemoEVA01,1
krazeek,1
wareztestbd,3
ZUBiK,274
n00bf0rc3,2
Madness.hunt,15
Marusha,2205
Badriprasad,11
||BaDshaH||,19
thesmx,1
Slapdragonx,1
BinariiAngel,2
BNA84,2
moonsmile2009,1
heliosmas,1
nwrz,1
ricotero29,1
Rmz Psy,3
khawajafarid,10
D3M0N69,1
XDeadmau5X,25
UNiCON,51
mediarls,1
.::MiRChI::.,9
unclef3st3r666,2
#NAME?,14
deviljinonline,1
Quicker,1
Casual69,1
popyflower,4
samanth,1
lolort,3
DaZeffa2010,5
Oyunfrm,1
SiMmER.,3
wondezt,1
TROMA,1
huapingzhou,1
DJ,1
kamal124,3
CrematorMan,1
oscillator666,13
EnzoLouis,1
atdeskcz2,2
psphunt,2
billabongct,1
BebeeBoo,1
sconeindy,1
ShAaNiG,629
kuss,2
pi0tr3k,20
kopacke,1
Bo Rock,1
pooyan2012(2),9
nino191d,1
leelsylsiae,1
alecssharpe,20
DJVideofan,2
hemuski,1
sridarshan23,1
PRADEEP77,2
clavier2008,1
eflatley00,1
apeka,1
Snikerzz,6
3tonyviet3,2
JsGroup,1
saeed1122,5
|1.Link|,8
sjk.sam,1
zixziko,1
darknessofworld,208
key3film,5
forwant,1
milansd88,2
nofearfcp,150
quintas,2
firaki12345,1
RyoRen,1
bik123,1
MareP.F.C.,1
kenreaves,88
ether88,1
Nefar,1
ddogdan,1
sundarmobiles,541
Juniahh,2
Reen.,4
Oryad,9
shadju,1
Charles.01,2
Annookk,1
.:MOdY:.,2
turbol,1
lprodrigues,1
dave811,1
ianto12,2
DuG.,15
harmony83,105
3,1
Achajr,1
eyeofodin,1
nero1989,1
darkside09,1
wbb_fan_1,1
rogue109,1
Ahmed Sadman,1
denata,2
SUPERSPEEDS,10
DuG`,5
leelsylsiae08,1
Duke Ardelis,1
pawli,1
moujabz,55
mobile_guru,2
Transgamingz WineX,1
mank,1
.: AliRezaas :.,1
Guest,1
mkb4228,5
nitrocrash,3
.:Tex.Mex:.,1
CoffeeFile,1
szachtar,7
tbth_audio,2
hhhgame,312
idan_h,1
MyCuTiPaI,1
rawillkill,3
3XElitE,68
filwrz,2
nedjog5,6
moh3en,1
thedavid,1
s.saha420,1
MARBOT2012,1
#NO1#,1
gloda,2
asifkam1,214
P,1
fenomen28,9
FreenaT2,2
Mystyczny,2
satandemon,6
chrisrambo11507,271
maybank2u,1
LKROCKS,24
lovely1629,57
muhammadwaseem,1
jbird,33
pepsi86,1
TeamTDK@AF,1
kvikinko,8
hend1983,1
HEAVEN13TH,2
chrisjen24,1
pascalll,2
narciXD,1
universematrix,1
DiVXFACTORY,1
MetalUrge,1
The Kung,1
thedossetup,1
clight77,1
gyrospaz,177
DaaD,13
Lawlessnq,26
DAttus2,1
alin18,1
genemnc,1
ripper_polop,4
pparadiso,57
falcon87,1
ridgere,1464
dinomerino,105
biti0,3
Xhizers,7
ptcuye35,4
.:G A M E R:.,1
xrockonx,1
HDblockbuster,19
CP1832,3
anja_de,1
E V E R Y O N E,83
saatcham,1
readart013,9
Saving Abel,1
IAmMerciless,13
crazednuttyboy,1
shakir74,20
ki3456,7
klasseter,1
kurtzie,4
kit777,134
<sweeti>,7
lunaekCAPULA,114
mirrorseeder,1
johnsm2,1478
bullrot492,1
Aurih,74
drhamaka,1
leegt,12
Ironman718,2
baby.sa,1
joeboricua,1
Obrien4,587
Andeko,3
.: RnR :.,1
p33no,4
Meera169,19
t3odor,1
xaxx,2
murdpower,1
bad_student,2
rahul2u_u,1
Dr Globil,19
NAVEENTHRICHY,1
neeraj907877,4
Namoadi,2
boyriot,1
Master,41
atik0786,2
warezfreak03,1
toxic_labs,1
Ludin,1
WiZARD OF W,4
SheldoR xD,2
cr0x213,2
wyop,22
irfanafhan,10
tenzin.,91
Downloader123,1
inpryce,1
badgirl99,4
dumont,3538
B3hr0z,18
Casper_2641,89
XXX22,1
Arth101,1
haqwarez,1
phantom_ass,1
share4u11,378
arnoldas852,1
ArminVBA,4
kmal123,2
dum@n,66
lionshelter,2
MrOhary,3
dewdy2k,2
zvonenie33,1
bymicro,1
PrivyHacker,47
nemesis07,1
Latestdownload7,3
Z4rroc,173
xwmario,61
Mahaj,1
alih110,15
david_villa07,274
metallica1992,1
thor84,854
ngangas,1
tranquilito,21
milorisfair,1
Maron Down,1
crazyGamer44,2
XsX,1
singlewarez,2
mamun_1991,1
coadN,14
hhalem,1
yousif14,3
sunmenghao,10
DMasti,13
XeLeRoN,1
zlatkiller,2
.BoB.,17
naked_soul,70
adnan099,1
desiguru,4
pinkpari,3
lilysopa,14
selambe,10
Mrrrr,2
@qqk@,5
damkal,1
urpapa,1
zei_na,1
hardcoder,1
netforsp,1
ranaking932,1
S J A,2
callz,1
clark1963,3
*NidaA1*,1
seriesnetload,4
PinoyW,1
NormanCruz,2
:i Am passiOn:,1
Crayzies,1
Wing44,1
dvdgame01,35
N4ughty,50
tun12,9
vahidwasp,2
timbalance,1
readart003,1
::Jeebus::,1
tugakiller2,1
foomanchu,3
Latest.R,39
duhalala,1
White Flag,20
ResumeLinks,42
Tanpanama7,23
Machar,1
indubitable,1
coolscorpiorohan,1
monkUsa,2
sinnamonwolf,19
cybernetic,1
muzzz007,1
rsapple,1
ulpo,125
Goodrifle,12
.aSn.,2639
furqandvm,5
kwazar1981,18
t2,1
christiandeflores,1
daviedee,1
KinGRippeR,2
james818181,1
ASWNN666,2
Ganryu114455,2
highstar,1
TehOracle.,1
lrnetwork,1
K_WORLD01,59
dany25,2
insanity_666,4
@S,2
commannd1,2
ataquero,1
haib60,1
TSW,8
dars86,7
noutilus12,9
abc.abc,1
S H E R i F,221
Zahid online,1
wOrLD.pOw3R,23
dogburger,3
Kabanos85,1
Mr. BluRay,733
c'mon,1
K,5
movshare,1
johno333,1
arnoldkile21,1
Keili,1
Greeny1337,1
kavkiskey,3
shravanwadhwa,25
perst,1
IGM0937,1
sharp488,9
nikhil07,4
derpderpington,1
larkze,1
Unwritten_Law,1
Wirellell,7
azhushare,3
=COPKILLER=,1
shannon3,1283
DeWe,10
IteM.SonG,313
mayangard,1
wbuphet,2434
logie19,1
pawelsqn,2
antibiotica,23
SilentSpartan,2
Sir_robin,1
aayushagrawal90,1
chellam,1
al3xla,1
alashrafedu,1
tinkoni,563
E.B.K,5
ahid1234,1
4HDD,2
dunkman,1
niedzielan360,1
at368,7
keatonG,3
B W B P,1
JOƘER,6
audionic333,1
kingpong,6
Linux.BD,1219
rememberit,3
duplesi,24
thenilblue,2
vkey,3
smieszeczek,2
.:MaX:.,1
darkd666,1
ddagain,42
NewRls,9
davinci5156,1224
jihad25,17
MacClassiK,3
mrbenjamin,2
Ichthyander,2
kotlt,7
napster26,1
derslived,17
Tenday,9
afsos78,1
Rahul.69,26
Ebik2,1
Lara1408,140
pinio,428
jatin17,1
apple23,2
jack121,2
tojik345,1
Plava992,12
Gii1818,3
sergeyrod,3
pudch101,1
BabyGarnetgirl,25
webmate,9
fat_fighter,7
raku11292,371
warstar74,1
grubasek,18
Downloader2012,1
poncabird,1
galmuchet,970
Remejeus,1
donlio,1
BodMa,1
mutukk,2
milosmnn,1
KISHOREAPU,295
carmentipa,42
Gurana,1
Hitesh Patel,1
animekicker,28
K_NIGHT0115,3
fatahillah,3
HDC0OL,210
shkodra_hacker,1
goodgoodman,4
sa1901,1
wojtekgaca24,1
sameer007,2
rewari49,2
alikhan00007,1
Mungi,1
GreenDot,3
Gu3$t,425
Flaiho,1
HDBlaster,2
.Rolex,66
cOOlvin,4
Anorensic,2
Mr.Fordo,176
baixefire,1
musm4,247
dearasifkam,252
waroth,500
pablishto,2
underst33,2880
xesshi,6
evapoison,8
KarLi,1
knightrider5,1
street star,3
|NewBie|,359
sontikumar,1
Ebooks,5
ngaogiangho,1
repture,5
JNNy64,2
ctd87,13
visionx,8
tinutuva,1
razor,87
slyzeronsf,1
zinkoam,36
humingbird1,534
elena1973,1
mrsaba,2
iLLuTioN,3
pinkside,1
SarangMovie,22
plomien86,3
egg64,1
girlusa3x,1
toritori,7
leecher5000,1
mkvtony,146
Elnaz,13
yesobamaa,1
Famous8Inches,6
normandy88,3
blahblah72,2
bhGtYgt,3
shahpar,2
Janissery,3
Gob,1
aptechfsd,4
kenchien,126
Zuper,1
CoolAsIce.,23
jobbet919,1
aftms,8
pat_1uk,1
revelax,4
Druid,1
justfourmedeeva,19
drtrucker,4
W3st_Wind,78
Anti.mage,1
kalimali,1
whitepanda,4
golemsonbi1,121
sakbtahir,38
majster168,60
cleas,466
excopbecks,1
MedRd,1
..::  arYzs ::.,27
shiva.om,1
yurizone02,1
redcupXD,2
johnnygt,1
adhilegend,2
WOIM,22
erick05,1
sirithanan,3
@mico,1
avRoo,39
Si7mL,27
Slicer42,4
khurramshezi,1
ckBark,879
cronjob2000,2
hnos97,19
cccbycox,1
timoti84,53
Yohan...,8
akuma1983,1
marcoacero,2
klilogla,2
whomeis,1
BASiQ,2
ugabugapyly,1
|monarch|,22
silverwoft,3
Monster.Xbox,1
DeArDeViL,1
*Eaven,1
Moodik,1
mugen2k,1
dosanti,2
Azurenus,3
horrmet,41
nCODE,9
GunzNRoses,3
Rapidwarez4u,5
uplodu,3
rani44,2
#the Hunter#,1
ahly1751,1
xbadboyx,7
buleyb,2
nexus_prime,1
sabrina13,1
RIGILKENTARUS,4
Jaysonn.,1
Tobacco Road,28
Lenerdosy,1
ArNET,4
starchrist,1
WarTaipan,5
AquariusPL,3
zimzam,1
crazymafia,1
PiskopatYazar,3
Contaminator,51
aadott,1
tAALz,2
~BiRdMaN~,1
greatchi,1289
pipstanford,1
limpwaster,2
agent bartowski,1
marinapari,1
selinag,1
mikec,1
ProUploader1988,2
Winchester999,1
ketupal100,2
stillrock,41
cinemania286,3
ytmf1981,1
romzon420,17
kingofnorthyork,1
matsada,1
|Leader|,193
tatootian,1
elektronik,55
EncodeKing,3
thewindowsfreak,1
xNynx,1
banedream,21
james_ant,1
enriqueksr,2
quoid9doc,1
school_bus,1
andino2,1
djalonso,1
PREDB,4
zai89,1
LED3,1
"][,o0k~",1
kimminh90,1
|BlUeRaY|,6
juules45,4
besttechnoblog,1
rafaqatkiani008,532
RLSARC,8
thevisual,1
sandeepr,8
cowboyup910,1
KiNGPiSSER,1
Evil.Genius,1
GeniusNET,2
Freedom35,4315
mexician,4
Pupusas2,6
ilovet,1
~Releasesking~,13
Lord Magneto,1
HDRipper,3
:I am AWESOME:,36
||HDMG||,107
mlam7,6
VoyagerAFS,2
legend10,66
lorisboris,832
cartoon80,19
mmoptusoft,9
raktivist,1
p3sh,1
m45h,9
junglistknot,1
sherlock92,1
gonlomas,1
metelci,1
nino89,4
Thetimetraveler7,1
navIVXX,1
brunooghe,1
e5lton,2649
AllYouLike,2
Fony,1
DxGen,12
Dardann.,4
ljt,1
FTIGA,76
powaraj,1
SpotlandRules,11
FireLady,1
shully,2
Anonymut,1
RandomRidoy,2
zer07,1
marinobon,8
bdlegend,1738
PrINCE v3,87
mauricio2050,1
promdi,2
tomerlingo,83
sknandy11,2
SinThink,4
O,1
shorebreak,1
rossc007,2
WaRez_Queen,345
zahidlove,98
KANE 123,41
Drhank,1
n21115,5
VidaPirata,28
steveb2008,7
MarcosReborn,9
"Iam""A"" LEGEND",3
wuxia1911,8
NEETIN,1
okacore,1
daatam,8
zagor777,1
fileshare,1
cober,1
zoobia,2
wherepiewhere,2
M3nth0R,1
paradox_asgard,3
ark69,8
avanzara,15
tehloxely,1
eLs�k,1
zed_m,1
s17_koelho,1
andere123,1
sachinmail12345,2
imchakwal,1
Mindsaver,4
antonesamy,140
shohel99,215
Bobero,6
Goaler,6
WALL,2
God Of Warez,34
k!113R,1
W4R3ZL0RD,4
Bush Pig,1
Th3DON,2
MLM.,262
sherbo,1
mahrsaleeem,1
yachie9,8
FuSiOn,5
.:Pari:.,1
Pr0uDy,244
waddaman,2
jaz657,6
azorrr,45
userx,11
upslash,3
juststeve,8
Netwolf_,7
destroyakanico,1
Alicia holmes,1
adeel.arslan,1
moccc,1
MrJonas12,1
monir,1
Garriso,2
strongpig,2
daavup,111
agallantgallant,1
charchabil88,1
S.A.A.D,6
Jorispyro,1
uploader230,1
kiljoe,11
batman09,1
Im0rtal,1
3P!TOM3,49
DarknQuiet,120
SenTeLLo,1
i20234,1
xasta07,1
Zoran_,33
gargamail,2
burgerkingman,1
wolf_eye,4
marixtian,1
ultrascorp,30
7123,1
BGST,1
Cloud_Shadow,1
wintendo,1
crystal_cylinder,1
ojosico_310,35
jakocu24,4
joaopebre,1
malik420,2
sree388,3
gotdev,22
wankanobe,2
ze,1
Grover3,58
imkama,26
octoberim9,6
vietboi275,34
Mind Freak(PB),4
najama79,1
perkan�,12
punk_and_goth,1
taeoice,32
MiLLi0n,17
Togama,285
kienpham,139
icemule1,1
PupaPowlo,1
moviesdir,1
pedrorios,4
bgrstaff3281,1
rg_kales,1
sourcherry,4
ceeker,43
.::RockeR::.,1
GoodPerson14,71
Hells Bells,1
ALone.boy,1
trwsxd,3
dd999d,2
dexster9,1
skylander,2
forgeton,1
irockfuru,431
panzdzisio,1
fallwew,1
JABicon,425
Excellence1,1
Fu,1
Beautiiii,6
valama,1
learn2earn,1
azmatbutt,10
D4rk DeMoN,1
oldboy3,6
flashjj,4
MicrotiK,6
bouzix,1
masterpal,2
streamwatchers,1
vegetajgd,132
Elico_A,1
upload3er,416
klein87,1
Vipers Nest,272
andrilla,6
tusharbakaya,1
#3|\/|4#i4,1
buloolz,1
akshay187,1
don3000,1
Vamp,4
usbuzzer,1
revenger123,1
djcostas,1
sgdez,24
UniMaTE,1
MrAssassin,4
wangshiqun,301
reda240,8
Inpesctor,5
JKBKJAS,2
KFP,2
lovver2,1
direct_only,1
FilmaX,5
c00lsud1,2
arkudas,23
cliker,21
Mosaico,7
Tompost,7
bane1212,7
Catlady,10
bestrelease,63
GuruAlive,1
maas1989,1
enjoi_9,10
:Ess aaYY:,19
sakliadam,1
Dark.Happy,1
HARRONASGAR,1
bochi,34
matisse,2
Panda Dude,1
miloi,2
Rockinevil,1
zerk1,1
scrOllOck,1
aayanjaved,2
kan_yan,1
mrmovie1983,1
spurpose35,4
appsstar,1
theseus,1
alsabet,4
oodie,1
DOWNFREAK,2
|ClickMe|,2
seafarer,1
halflife,9
troyhs,2475
coldmindzero,1
fleszer,3
*stefan,94
dhukhun,2
traxxo,1
atulsawant,1
ScreamOutLoud,1
Regolas,1
EnlishBabu,1
Dzash,1
Guss68,1
cryptlord,1
luckyvn89,17
siliconguide,9
Typhoon009,1
h1tm4n,1
STD16,8
blackiswhite,1
lovelea,5
momosclan,1
|PR0LiNK|,73
aadat293,1
Inica,1
FB69,1
johnnyshatin123,12
de crust,1
DragnZ,5
kire_koste,1
shakeer01,1
phoenix_dude,1
BAYER3535,72
naeemchap,2
dr.slum[P],46
mad max77,1
tetburia,1
amadamad1,29
myhat001,4
enixidfrag,4
Texas Homie,1
CrOwN.,9
Sponding,2
tom37,1
ilikesoft,1
sbbaiy,7
KZEE,1
djayz,1
HopefulRomantic,12
akira_kurosawa,1
|ShieldsectoR|,10
Stevepax,1
wheels2go,1
azhurecore,5
Amiche,1
TimmiiG,1
sri_baginda03,1
pinkhat003,3
DvD2x,1
sharingxxx,6
marpycoco,4
pMXviD,1
smarties2k,1
liadokia,5
amarshall117,1
Gutac,1
Casper,1
shaheen.khapk,4
since111,2
sequelae,1
SREEPULARI,12
sipes760,2
pagar�ka,11
YOU44,7
sebastian.atb,6
freddy m,12
szajtek,93
aneishababy,1
hmshabir,217
hum@n,24
tingalvin,1
KALI12,1
movee08,51
pitininja,1
Lellly,1
mmachota,1499
CARkeyODDly,1
MINUSBLINDFOLD,1
schiesstomi,6
bluffmaster12pm,54
SaNcHeZ.CZ,15
retribution1887,1
loxfrdi,111
Bell@,1
MobyMaster,1
ksysiu18,7
rpgragexp,1
stefletch123,4
ariobarzan2,4
OldOldschool,1
BUC2010,1
ugrpau,3
AminFaris,645
voodoomagic,1
tarawinder,1
lowveles,3
wasifmajeed,14
m_myers,1
kissme1,23
Intensity,1
voltirbisop,63
Craf9,3
ulinsky!,1
Sting2324,1
Robyfly,1
kingtggdn,1
shubhamj598,2
cook942,1
vinok2,35
w0J,1
100%makedonec,22
kamzaf,1
chogerbe,1
RavekCN,32
Fbka,359
blue_154,1
Gkhan.,15
horne93,1260
BorlijA,3
cashidmark285,332
blueybaby,91
chootadon01,1
btflo,14
LastLight,75
FARCRY.,2
Captain_007,3
blink431,1
H311,182
vmshare,30
pucado,1
komblandi,4
xandor,1
God919,1
alibaboolal,3
volimsir,2
trex9810,1
sweetKid,62
KiAllL,1937
Inder007,650
segista,1
1ClickDownload,1
lalmiavai,1
Borussia_Dortmund,2
odnarb777,9
baxterd,1417
invisior,1
mp3chataka,1
nobleman123,1
scarlettjoha,3
elextaciador,1
toxicweasel,20
freshdown,104
rashoo,3
Singham,3
SnakeEyes,1
chilifactor,1
IllRosi,1
decter,12
eyesonlyuploads,972
toonstar,5
tikb0y13,4
DtPower,1
Danniboi22,4
ecik,2
vegit,134
Upload3r,35
diamond00,2
bloodmage478,1
rflxn143,1
#Major#,2
***Rocks***,6
mert_1047,1
A r f a r s H,6
kbat69,4
MeNe,1
webenor,1
fox5,2
Dr.Mouse,1
kapakli,8
tetovarja,2
BLizZ407,1
ilybe8,9
MasatoEM,1
hdpiracy,1
BW,7
AyserJubair,1
web,1
Rippingking,2
h4s3eb,222
katerina+giorgos,8
Bombernfc,1
Giovanni.bj,21
downiran,4
a11mir,4
ashlecol523,15
demonicserver,1
kangur,1
myta,1
briann_cs,1
trumita,1
vicky_poster001,3
RockerOf'87,10
bedazzled81,1
dhruva91dec,1
sealteam113,2
Zaraky2008,1
openmedia,1
llHoov,2
dhoodle,1
::ALEX::,2
bestbadri,2
poulzipp,1
fm157,7
SUPERNATURAL,1
b7ri,7
czako93,1
startddl,1
XiZoN,7
wrigley26,2
cuddles227,1
sbil,1
ButanoicAcid,1
youwarez123,1
redstaing,1
radioguy46,27
Eugine,1
Proghunter,1
Mr.Per,3
roop93,3
[ RKJ ],2
astrochart,2
ganterpv,3
boy_george,2
cyclon4004,1
mansheet,65
shoaibbabar1,2
DreamLost,1
1GunHaWK,1
JubeiMV,4
HeisenBerg.,1
tewje69,1
Bidabadi,1
ashkaaaan2,13
gomzy,1
Matrix4u,1
kotlt1,11
ExisZ,2
scenewhite,12
n3sl,35
Eliyas.,9
sqazzer,12
Suwadith,1
theddlera,3
furqanali332,2
atoi_37,1
kmo_9000,1
shabbeerbaba,1
.: SallyAnn :.,1
DiViSi0N,7
meesles,1
GreyPaws,1
alshairi,1
us72969,24
DGN_RULZ,2
Aw3s0meness,1
ptu_cb1990,2
hornoplenty,1
sahilshah1987,22
adxx,3
mehdi22,2
Like,5
djaa2807,23
SherifDown,5
bernard_bnt,1
Ssadman,2
darkdammit,1
Tzilka,1
jom2pay,1
olrac,2
mx120985,13
.: fOOt :.,3
SHAHARYAR,2
ilcantar,8
midlaaa,1
maliksaifo,1
myself180,1
zam_dry,1
d2hh,30
derplulz,1
sahil 00150,1
DVB4IR,4
