"Sun Mar 18, 2012",5
"Tue Dec 11, 2007",1
"Fri Jun 21, 2013",27
"Fri Feb 27, 2015",195
"Thu May 02, 2013",41
"Thu Sep 02, 2010",5
"Tue Jul 20, 2010",4
"Sun Sep 20, 2009",1
"Sun Aug 28, 2011",10
"Tue Jul 27, 2010",6
"Tue Feb 14, 2012",2
"Mon Aug 08, 2011",12
"Fri Mar 05, 2010",11
"Fri Oct 03, 2008",1
"Wed Nov 28, 2012",12
"Mon Dec 12, 2011",4
"Fri May 22, 2009",2
"Sun May 24, 2009",4
"Mon Jun 22, 2009",36
"Sat Apr 04, 2015",479
"Mon Sep 08, 2014",72
"Thu Oct 11, 2012",23
"Fri May 27, 2011",9
"Thu Sep 25, 2014",59
"Tue Apr 10, 2012",3
"Mon Jan 20, 2014",31
"Sat Apr 18, 2015",445
"Wed Sep 03, 2014",51
"Sat Jun 23, 2012",8
"Thu Aug 15, 2013",41
"Thu Nov 12, 2009",2
"Mon Jun 20, 2011",11
"Tue Apr 07, 2009",37
"Fri May 31, 2013",21
"Sat Mar 08, 2014",35
"Fri Dec 23, 2011",8
"Thu Apr 07, 2011",3
"Sun Jun 03, 2012",7
"Tue May 15, 2012",8
"Sun Apr 14, 2013",23
"Fri Sep 07, 2012",16
"Fri Dec 13, 2013",36
"Sat May 19, 2012",9
"Wed Oct 06, 2010",9
"Sat Jun 09, 2012",12
"Wed Jan 11, 2012",7
"Fri Mar 27, 2009",4
"Thu Feb 01, 2007",1
"Sat Apr 17, 2010",1
"Fri Nov 14, 2014",111
"Wed Jul 15, 2009",2
"Tue Sep 27, 2011",5
"Tue Apr 08, 2014",48
"Fri Nov 19, 2010",16
"Tue Jul 12, 2011",17
"Sat Feb 01, 2014",42
"Thu Mar 19, 2009",2
"Wed Jun 03, 2015",803
"Sun Feb 09, 2014",33
"Fri Mar 13, 2009",2
"Tue Aug 14, 2012",6
"Thu Apr 11, 2013",9
"Thu Apr 14, 2011",11
"Thu Mar 17, 2011",8
"Fri Nov 09, 2012",8
"Sat Jan 04, 2014",46
"Tue Dec 13, 2011",8
"Wed May 07, 2008",1
"Sat Jun 04, 2011",3
"Tue Nov 30, 2010",33
"Mon Jun 14, 2010",7
"Thu Apr 15, 2010",5
"Tue Sep 16, 2014",104
"Mon Apr 30, 2012",8
"Wed May 08, 2013",14
"Thu Mar 12, 2009",1
"Thu Nov 19, 2009",5
"Tue Jan 10, 2012",7
"Tue Jun 17, 2014",92
"Tue Aug 13, 2013",15
"Fri Mar 08, 2013",16
"Wed Apr 06, 2011",4
"Mon Feb 07, 2011",1
"Sun Dec 05, 2010",2
"Mon Sep 21, 2009",1
"Tue Jun 16, 2015",853
"Fri Aug 21, 2009",5
"Sun Nov 30, 2014",119
"Thu May 28, 2015",496
"Sun Nov 11, 2012",10
"Sat Dec 29, 2012",11
"Fri Aug 27, 2010",14
"Wed Jul 07, 2010",11
"Wed Jun 05, 2013",21
"Tue Mar 03, 2015",192
"Thu May 07, 2015",967
"Sun Feb 23, 2014",69
"Sun Jun 05, 2011",4
"Thu Sep 18, 2014",83
"Wed Mar 11, 2015",248
"Wed Jun 18, 2014",38
"Sun Dec 02, 2012",9
"Mon Aug 25, 2014",32
"Wed Jan 14, 2009",4
"Tue May 10, 2011",9
"Wed Feb 22, 2012",8
"Thu May 31, 2012",5
"Thu Feb 26, 2015",265
"Mon Jun 15, 2009",6
"Mon Nov 15, 2010",2
"Thu Feb 04, 2010",3
"Sun Aug 31, 2014",62
"Sat Apr 12, 2014",25
"Sat Sep 27, 2014",70
"Sat Oct 13, 2012",5
"Wed Dec 28, 2011",18
"Wed Dec 02, 2009",4
"Sat Jun 28, 2014",50
"Tue Feb 09, 2010",2
"Sat Dec 05, 2009",12
"Sat Nov 30, 2013",44
"Mon Oct 26, 2009",3
"Fri Jul 30, 2010",6
"Mon Oct 06, 2014",60
"Mon May 23, 2011",43
"Tue May 06, 2008",1
"Mon Nov 10, 2008",1
"Mon Apr 28, 2014",45
"Thu Feb 10, 2011",1
"Thu Jun 20, 2013",17
"Fri Mar 19, 2010",9
"Thu Jul 31, 2014",35
"Sat Feb 04, 2012",5
"Thu Nov 03, 2011",12
"Tue Oct 21, 2014",57
"Thu Feb 21, 2013",5
"Mon Mar 30, 2009",22
"Sat Aug 13, 2011",3
"Wed Oct 03, 2012",3
"Sat Mar 10, 2012",4
"Fri Nov 29, 2013",39
"Mon Oct 29, 2012",8
"Sun Oct 07, 2012",11
"Thu Jan 15, 2009",3
"Sat Mar 27, 2010",3
"Sun May 27, 2012",12
"Fri May 18, 2012",13
"Mon Dec 01, 2014",110
"Sat Aug 16, 2008",4
"Sat Jul 19, 2014",43
"Fri Nov 12, 2010",6
"Fri Jan 16, 2015",1
"Mon Dec 29, 2008",6
"Tue Jan 15, 2013",9
"Sun Apr 05, 2009",18
"Tue Nov 03, 2009",5
"Tue Jun 07, 2011",23
"Mon Sep 03, 2012",7
"Fri Jul 19, 2013",20
"Mon Oct 08, 2012",8
"Mon Oct 19, 2009",1
"Sun Oct 27, 2013",56
"Thu Feb 28, 2008",1
"Wed Mar 18, 2009",2
"Thu Aug 07, 2014",70
"Fri Dec 05, 2014",109
"Wed Mar 21, 2012",6
"Sun Aug 12, 2012",6
"Thu Oct 16, 2008",7
"Sat Apr 24, 2010",2
"Thu Sep 23, 2010",7
"Sat Feb 18, 2012",2
"Thu Dec 27, 2007",7
"Sun Feb 22, 2009",1
"Sun May 04, 2008",1
"Mon Mar 15, 2010",6
"Fri Oct 31, 2008",9
"Tue Dec 11, 2012",7
"Tue Dec 14, 2010",10
"Wed Nov 27, 2013",42
"Mon Feb 02, 2009",1
"Sun Apr 04, 2010",8
"Thu May 13, 2010",7
"Fri Feb 27, 2009",2
"Thu Oct 31, 2013",111
"Sun Aug 11, 2013",14
"Mon Feb 22, 2010",1
"Thu Apr 05, 2012",6
"Sun Apr 27, 2014",58
"Sun Oct 25, 2009",7
"Mon Aug 06, 2012",15
"Tue Sep 04, 2012",8
"Sat Apr 04, 2009",30
"Fri Aug 05, 2011",13
"Fri May 22, 2015",815
"Thu Sep 03, 2009",4
"Sun Oct 10, 2010",2
"Tue Sep 20, 2011",11
"Mon May 16, 2011",13
"Tue Mar 24, 2009",4
"Sat Feb 21, 2009",1
"Wed Sep 03, 2008",3
"Mon Aug 27, 2012",14
"Sun Apr 03, 2011",5
"Tue Apr 07, 2015",447
"Thu Mar 28, 2013",22
"Tue Feb 12, 2008",1
"Tue Jul 21, 2009",2
"Mon Apr 16, 2012",20
"Wed May 22, 2013",25
"Thu Jan 01, 2009",1
"Fri Apr 04, 2014",36
"Sat Jan 22, 2011",7
"Fri Mar 26, 2010",10
"Sat Jul 05, 2014",51
"Thu Jun 25, 2015",648
"Tue Aug 27, 2013",19
"Thu Nov 13, 2014",118
"Sat May 19, 2007",1
"Fri Jul 17, 2009",1
"Thu Apr 29, 2010",1
"Thu Nov 20, 2008",1
"Fri Apr 03, 2009",26
"Fri Mar 27, 2015",354
"Tue Aug 23, 2011",9
"Thu Jul 10, 2014",48
"Sun Jul 25, 2010",8
"Tue Aug 06, 2013",22
"Sun Nov 20, 2011",4
"Sat Jul 02, 2011",19
"Sat May 14, 2011",13
"Fri Nov 09, 2007",2
"Tue Mar 13, 2012",11
"Sun Sep 28, 2008",3
"Sun Dec 04, 2011",12
"Wed Jul 31, 2013",9
"Wed May 07, 2014",14
"Wed Jun 10, 2015",1369
"Tue Aug 19, 2008",6
"Tue May 19, 2015",1113
"Wed Jul 24, 2013",15
"Sun Jun 17, 2012",6
"Tue Nov 22, 2011",3
"Fri May 01, 2015",1030
"Tue Sep 16, 2008",4
"Thu Mar 10, 2011",3
"Thu May 14, 2009",6
"Mon Aug 12, 2013",15
"Sat Apr 11, 2015",327
"Sun Jan 19, 2014",32
"Thu Mar 12, 2015",199
"Mon Nov 22, 2010",2
"Fri Feb 22, 2013",11
"Fri Apr 02, 2010",5
"Wed Feb 12, 2014",31
"Fri May 04, 2012",11
"Sat Jul 24, 2010",7
"Fri Apr 24, 2009",1
"Sat Dec 28, 2013",33
"Thu Jul 25, 2013",11
"Mon Mar 28, 2011",9
"Sun Jun 28, 2009",3
"Wed Apr 22, 2015",706
"Sat Nov 16, 2013",40
"Sun Nov 11, 2007",1
"Tue Apr 02, 2013",9
"Thu Nov 04, 2010",3
"Mon May 28, 2012",15
"Thu Aug 19, 2010",2
"Sat May 25, 2013",24
"Thu May 14, 2015",267
"Tue Mar 22, 2011",5
"Fri Dec 25, 2009",3
"Thu May 07, 2009",3
"Thu Feb 02, 2012",2
"Wed Aug 08, 2012",9
"Wed Mar 28, 2012",4
"Wed Feb 06, 2013",14
"Fri Apr 16, 2010",9
"Thu Dec 15, 2011",1
"Thu Sep 13, 2012",8
"Fri Dec 19, 2014",151
"Fri Nov 28, 2014",107
"Mon Sep 07, 2009",5
"Thu Jun 12, 2014",22
"Mon May 11, 2015",960
"Mon Nov 04, 2013",103
"Sat Sep 27, 2008",9
"Sun Dec 08, 2013",47
"Sun Aug 31, 2008",5
"Wed Nov 21, 2012",5
"Sun Aug 01, 2010",3
"Fri Jun 13, 2014",46
"Sat Sep 10, 2011",13
"Mon Jun 02, 2014",49
"Fri Jan 14, 2011",3
"Mon Nov 12, 2012",10
"Sun Jul 11, 2010",18
"Mon Nov 10, 2014",57
"Fri Apr 27, 2012",10
"Wed Jan 16, 2008",1
"Thu Jul 14, 2011",28
"Sun Aug 30, 2009",7
"Mon Nov 18, 2013",18
"Wed Oct 29, 2014",55
"Thu Jan 10, 2013",17
"Tue Oct 21, 2008",3
"Tue Oct 30, 2012",11
"Wed Oct 03, 2007",1
"Wed Mar 26, 2014",36
"Tue Jun 26, 2012",7
"Sat Apr 07, 2012",8
"Sun May 01, 2011",3
"Sat Mar 06, 2010",12
"Sat Aug 14, 2010",10
"Sat Aug 16, 2014",103
"Fri Feb 08, 2013",13
"Fri Dec 19, 2008",4
"Thu Dec 04, 2008",4
"Sun Jul 06, 2014",24
"Fri Oct 24, 2014",70
"Sat Nov 19, 2011",5
"Sat Dec 03, 2011",3
"Thu Aug 27, 2009",3
"Sat Jul 21, 2012",6
"Mon Jul 26, 2010",9
"Fri Aug 06, 2010",14
"Fri Oct 23, 2009",3
"Tue Nov 10, 2009",4
"Thu Oct 16, 2014",79
"Wed Nov 09, 2011",4
"Fri Feb 19, 2010",2
"Mon Aug 17, 2009",2
"Thu Apr 25, 2013",13
"Wed Jun 30, 2010",16
"Fri Nov 21, 2008",2
"Fri Jun 06, 2014",43
"Tue Jul 09, 2013",9
"Thu Dec 01, 2011",4
"Wed Apr 01, 2009",7
"Fri Feb 07, 2014",42
"Sun Oct 26, 2008",12
"Sun Mar 10, 2013",7
"Wed May 05, 2010",2
"Thu Dec 09, 2010",12
"Tue Jan 01, 2013",10
"Wed Jun 01, 2011",9
"Sun Jan 30, 2011",10
"Mon Apr 09, 2012",7
"Tue Mar 19, 2013",7
"Fri May 03, 2013",12
"Wed Apr 24, 2013",17
"Sat Jan 12, 2008",1
"Fri Nov 06, 2009",11
"Mon May 31, 2010",13
"Wed May 01, 2013",149
"Mon Apr 06, 2009",22
"Fri Mar 21, 2008",1
"Thu Nov 07, 2013",115
"Sat Nov 28, 2009",2
"Mon Sep 26, 2011",6
"Mon Dec 30, 2013",16
"Wed Jul 11, 2012",10
"Tue Jun 18, 2013",14
"Wed Oct 08, 2008",3
"Wed Jan 30, 2008",2
"Fri Jul 12, 2013",6
"Fri Feb 28, 2014",45
"Tue Oct 04, 2011",2
"Sat Feb 21, 2015",318
"Fri Dec 27, 2013",50
"Sun Sep 05, 2010",12
"Tue Jul 31, 2012",10
"Tue Feb 12, 2013",14
"Sat Oct 04, 2008",6
"Mon Apr 14, 2008",1
"Wed Sep 14, 2011",9
"Wed Jun 13, 2012",7
"Sun Aug 10, 2014",77
"Fri Apr 26, 2013",14
"Mon Jul 04, 2011",7
"Thu Jul 15, 2010",11
"Sat Sep 26, 2009",6
"Thu Jan 31, 2008",2
"Tue Mar 15, 2011",7
"Sun Apr 08, 2012",8
"Wed Sep 19, 2012",6
"Tue Mar 20, 2012",7
"Sat May 22, 2010",4
"Thu Jun 25, 2009",9
"Wed Jul 30, 2014",31
"Tue Mar 25, 2014",7
"Mon Jan 21, 2013",15
"Sat Jun 06, 2015",995
"Wed Dec 05, 2012",14
"Mon Jun 04, 2012",11
"Sat Oct 29, 2011",6
"Thu Jun 03, 2010",80
"Tue Mar 24, 2015",382
"Sat Nov 24, 2012",4
"Fri Aug 09, 2013",25
"Wed Aug 01, 2012",13
"Mon Nov 09, 2009",7
"Tue Dec 20, 2011",6
"Tue Jun 10, 2014",39
"Tue Apr 24, 2012",11
"Thu Sep 09, 2010",47
"Tue Nov 12, 2013",62
"Sat Dec 20, 2008",2
"Sat Jul 26, 2014",32
"Wed Dec 26, 2012",13
"Mon Feb 17, 2014",28
"Fri Oct 12, 2012",14
"Sat Nov 09, 2013",48
"Fri Jul 01, 2011",3
"Thu Dec 23, 2010",2
"Sun May 25, 2008",1
"Fri Feb 24, 2012",1
"Sat Mar 21, 2009",1
"Thu Jan 30, 2014",20
"Tue Nov 22, 2005",1
"Sat Jun 01, 2013",19
"Wed Aug 28, 2013",29
"Sat Mar 01, 2014",37
"Tue May 19, 2009",2
"Tue Jan 25, 2011",6
"Thu Jul 05, 2012",4
"Sun Dec 06, 2009",2
"Thu Apr 12, 2012",3
"Sun Jun 26, 2011",4
"Fri Jun 03, 2011",28
"Thu Jan 19, 2012",3
"Sun Aug 07, 2011",79
"Sun Nov 25, 2007",1
"Tue Jun 02, 2009",8
"Sun Feb 20, 2011",2
"Tue Jul 28, 2009",1
"Wed Apr 22, 2009",2
"Sat Feb 23, 2013",9
"Thu Jan 09, 2014",20
"Thu Feb 13, 2014",32
"Sat Oct 15, 2011",8
"Sat Nov 14, 2009",7
"Wed Feb 09, 2011",2
"Fri Apr 19, 2013",12
"Mon Jan 02, 2012",7
"Tue Jan 28, 2014",14
"Wed Jan 23, 2013",24
"Wed Dec 19, 2007",1
"Mon Mar 23, 2015",373
"Fri Sep 19, 2014",82
"Sat Sep 17, 2011",9
"Fri Mar 07, 2014",28
"Mon May 26, 2014",34
"Fri Sep 28, 2012",2
"Mon Aug 04, 2014",23
"Mon Mar 22, 2010",4
"Sat Oct 16, 2010",13
"Thu Oct 25, 2012",9
"Tue Feb 28, 2012",5
"Wed Sep 29, 2010",6
"Tue Oct 26, 2010",5
"Sun Apr 15, 2012",7
"Fri Dec 22, 2006",1
"Fri Oct 02, 2009",6
"Tue Dec 25, 2012",12
"Sun May 09, 2010",3
"Sat Sep 03, 2011",7
"Thu Jun 12, 2008",1
"Sun Feb 27, 2011",4
"Wed May 09, 2012",6
"Mon Mar 04, 2013",14
"Thu Sep 06, 2012",8
"Sun Dec 22, 2013",20
"Sun Mar 30, 2014",73
"Fri Aug 12, 2011",1
"Mon May 11, 2009",14
"Tue Oct 25, 2011",3
"Wed May 19, 2010",9
"Mon May 21, 2012",5
"Fri Aug 29, 2014",21
"Thu Feb 06, 2014",31
"Wed Jan 16, 2013",18
"Thu Jun 17, 2010",7
"Fri Aug 24, 2012",6
"Thu Jan 10, 2008",1
"Mon Dec 17, 2012",13
"Sun May 06, 2012",10
"Wed Oct 29, 2008",4
"Sat Feb 26, 2011",16
"Mon Oct 22, 2012",3
"Thu Nov 27, 2014",78
"Mon Jan 24, 2011",5
"Thu Aug 20, 2009",1
"Fri Apr 13, 2007",1
"Wed Aug 03, 2011",7
"Sat Feb 27, 2010",4
"Mon Jan 30, 2012",5
"Thu Jun 18, 2015",671
"Fri Mar 29, 2013",21
"Fri Oct 24, 2008",7
"Mon Dec 10, 2012",13
"Tue Jun 24, 2014",1
"Fri Oct 17, 2014",53
"Tue Jun 08, 2010",6
"Sun May 20, 2012",2
"Fri Nov 18, 2011",6
"Wed Jul 22, 2009",4
"Tue Jan 07, 2014",39
"Sat Mar 07, 2015",281
"Tue May 22, 2012",4
"Fri Dec 21, 2007",4
"Tue Sep 23, 2014",91
"Wed Jul 06, 2011",1
"Mon Sep 10, 2012",16
"Wed Nov 14, 2012",13
"Tue Apr 15, 2014",25
"Thu Jan 07, 2010",4
"Fri Aug 30, 2013",13
"Thu Aug 23, 2012",24
"Wed May 20, 2015",916
"Wed Apr 01, 2015",382
"Fri Oct 21, 2011",7
"Sat Aug 31, 2013",12
"Fri Oct 29, 2010",4
"Sun Oct 26, 2014",51
"Sat Jul 17, 2010",6
"Thu Sep 27, 2012",1
"Tue Apr 26, 2011",1
"Mon Apr 13, 2015",408
"Sat Mar 05, 2011",1
"Sat Jan 12, 2013",12
"Sat Dec 07, 2013",89
"Fri Dec 02, 2011",5
"Thu Sep 22, 2011",7
"Mon Apr 27, 2009",3
"Sun Jun 09, 2013",30
"Fri Mar 21, 2014",45
"Thu Jan 24, 2013",26
"Sun Jun 28, 2015",1740
"Mon Aug 09, 2010",15
"Tue Mar 31, 2015",362
"Sat Jun 07, 2014",7
"Fri Dec 26, 2008",1
"Wed Sep 24, 2014",50
"Mon Jan 10, 2011",7
"Wed Sep 09, 2009",1
"Thu Sep 30, 2010",4
"Fri Mar 02, 2007",1
"Fri Mar 22, 2013",26
"Sun Apr 13, 2014",35
"Mon Apr 14, 2014",39
"Mon Nov 21, 2011",5
"Sat Oct 04, 2014",58
"Tue Feb 05, 2013",9
"Mon Feb 28, 2011",3
"Thu Oct 01, 2009",3
"Mon May 09, 2011",11
"Wed Mar 10, 2010",6
"Thu Jan 31, 2013",14
"Wed Sep 28, 2011",3
"Sun Jun 27, 2010",11
"Mon Jun 21, 2010",1
"Fri Jun 29, 2012",16
"Thu Feb 03, 2011",4
"Thu May 01, 2014",28
"Sun Nov 14, 2010",7
"Sun Sep 07, 2014",48
"Sat Aug 28, 2010",11
"Sat Jun 06, 2009",4
"Sun Jun 07, 2015",1101
"Sun Dec 25, 2011",21
"Sat Dec 26, 2009",4
"Fri Jan 27, 2012",6
"Sun Sep 13, 2009",1
"Fri Jul 03, 2009",7
"Fri Jan 13, 2012",6
"Fri Jul 26, 2013",13
"Thu Jun 23, 2011",7
"Fri May 08, 2009",3
"Tue Aug 24, 2010",8
"Mon Jul 15, 2013",11
"Sat Jul 26, 2008",1
"Fri Nov 25, 2011",8
"Sun Nov 13, 2011",2
"Sun Feb 08, 2009",1
"Sun Jul 03, 2011",13
"Mon Jun 06, 2011",19
"Sat Dec 20, 2014",167
"Mon Nov 03, 2008",5
"Sun May 25, 2014",143
"Tue Jul 16, 2013",10
"Fri Oct 03, 2014",64
"Sat Nov 13, 2010",7
"Sun Mar 02, 2014",37
"Thu Dec 16, 2010",3
"Mon Dec 21, 2009",8
"Sun Jul 17, 2011",17
"Mon Oct 15, 2007",1
"Thu Jan 21, 2010",2
"Thu Jul 02, 2009",9
"Thu Aug 26, 2010",14
"Tue Mar 11, 2014",7
"Mon Jul 27, 2009",3
"Wed Jan 21, 2015",1
"Wed Oct 05, 2011",1
"Sat Jan 15, 2011",6
"Fri Apr 11, 2008",1
"Mon May 27, 2013",16
"Sat Jun 30, 2012",8
"Sun Mar 08, 2009",14
"Fri Dec 07, 2012",12
"Thu Sep 24, 2009",8
"Tue Oct 11, 2011",4
"Tue Apr 05, 2011",40
"Thu Apr 28, 2011",3
"Mon Jan 17, 2011",11
"Mon Mar 23, 2009",3
"Sat Oct 09, 2010",7
"Sun Oct 23, 2011",10
"Fri Nov 01, 2013",62
"Sun May 29, 2011",9
"Sat Sep 20, 2014",82
"Tue Sep 02, 2008",3
"Wed Mar 25, 2015",362
"Fri Dec 03, 2010",3
"Fri Sep 04, 2009",1
"Sun Apr 26, 2015",1066
"Sun Jan 01, 2012",5
"Mon Aug 11, 2014",29
"Fri Jul 23, 2010",3
"Tue Dec 22, 2009",6
"Sat Feb 11, 2012",5
"Fri Jun 27, 2014",62
"Fri Jul 18, 2014",45
"Sat Mar 13, 2010",3
"Sat Apr 21, 2012",22
"Mon Dec 03, 2012",5
"Tue Oct 18, 2011",3
"Tue May 14, 2013",33
"Tue Nov 18, 2008",1
"Tue May 05, 2009",6
"Mon Dec 06, 2010",1
"Tue Feb 07, 2012",3
"Mon Dec 02, 2013",28
"Fri Aug 03, 2012",7
"Mon Jul 14, 2014",45
"Sun Jan 13, 2013",17
"Fri Aug 29, 2008",3
"Wed Nov 26, 2014",81
"Sat Apr 26, 2014",60
"Thu Oct 06, 2011",6
"Sun May 22, 2011",21
"Tue Jun 09, 2015",1252
"Tue Apr 03, 2012",3
"Mon May 10, 2010",26
"Fri Apr 13, 2012",11
"Wed Feb 03, 2010",5
"Sun Aug 25, 2013",22
"Wed Sep 10, 2014",60
"Wed Nov 18, 2009",7
"Fri Jun 14, 2013",20
"Wed Oct 01, 2014",72
"Thu May 28, 2009",3
"Tue Apr 17, 2012",7
"Fri Nov 22, 2013",25
"Sun Feb 16, 2014",35
"Tue Apr 23, 2013",10
"Wed Aug 17, 2011",4
"Sun Sep 21, 2014",75
"Sun Feb 12, 2012",3
"Thu Apr 18, 2013",21
"Sat Mar 26, 2011",2
"Tue May 06, 2014",75
"Thu Jan 16, 2014",68
"Sun Apr 07, 2013",16
"Thu Nov 26, 2009",5
"Tue Jun 24, 2008",1
"Wed May 20, 2009",11
"Sat Oct 23, 2010",24
"Wed Oct 19, 2011",7
"Thu Jun 18, 2009",5
"Wed Jan 06, 2010",4
"Sat Mar 07, 2009",2
"Thu Oct 28, 2010",24
"Mon Mar 12, 2012",7
"Fri Nov 21, 2014",144
"Fri Oct 17, 2008",5
"Wed Jul 28, 2010",5
"Thu Dec 24, 2009",2
"Tue Dec 08, 2009",7
"Sat May 09, 2009",18
"Wed Jan 28, 2009",3
"Mon Sep 20, 2010",5
"Fri Dec 21, 2012",12
"Fri Jul 09, 2010",8
"Wed Aug 05, 2009",4
"Mon Dec 26, 2011",3
"Tue Aug 09, 2011",3
"Tue Jul 05, 2011",4
"Mon Jul 22, 2013",15
"Tue Jan 13, 2009",4
"Fri Feb 25, 2011",1
"Tue Oct 09, 2012",11
"Thu Jul 08, 2010",8
"Tue Aug 03, 2010",3
"Thu Mar 04, 2010",2
"Wed Dec 29, 2010",7
"Mon Apr 13, 2009",6
"Fri Oct 19, 2012",6
"Thu Sep 22, 2005",1
"Mon Apr 08, 2013",5
"Tue May 18, 2010",3
"Mon Jul 06, 2009",4
"Mon Apr 27, 2015",940
"Tue May 26, 2009",2
"Wed Oct 13, 2010",10
"Tue Mar 08, 2011",2
"Wed Aug 29, 2012",9
"Wed May 06, 2015",668
"Tue Jun 04, 2013",19
"Sun Nov 27, 2011",3
"Fri May 02, 2014",43
"Sun Mar 04, 2012",10
"Thu Sep 20, 2012",6
"Sun Sep 26, 2010",5
"Sun Dec 12, 2010",5
"Tue Jun 05, 2012",17
"Sat Jul 18, 2009",7
"Thu May 21, 2015",978
"Sat Jan 07, 2012",15
"Wed Mar 27, 2013",6
"Sun Nov 23, 2014",49
"Wed Apr 10, 2013",30
"Thu Jan 03, 2013",13
"Sun Nov 06, 2011",5
"Sun Jul 01, 2012",4
"Thu Aug 02, 2012",17
"Tue Dec 28, 2010",7
"Sun Sep 07, 2008",3
"Tue Jan 31, 2012",4
"Sat Dec 12, 2009",9
"Sat Nov 12, 2011",5
"Sun Sep 27, 2009",7
"Mon Apr 29, 2013",16
"Fri Jun 11, 2010",19
"Wed Aug 20, 2014",86
"Mon May 25, 2015",838
"Sun Jun 30, 2013",15
"Wed Jun 02, 2010",10
"Wed Mar 12, 2014",65
"Fri Jul 02, 2010",5
"Sun Dec 15, 2013",54
"Sun Feb 08, 2015",1
"Mon Aug 31, 2009",2
"Mon Aug 18, 2014",64
"Tue May 03, 2011",4
"Fri May 08, 2015",989
"Tue Mar 23, 2010",7
"Sun Jan 08, 2012",31
"Wed Dec 04, 2013",28
"Sat Apr 05, 2014",37
"Sun Aug 22, 2010",28
"Tue Jul 03, 2012",6
"Mon Nov 03, 2014",48
"Sat Sep 14, 2013",1
"Wed May 13, 2015",748
"Sat Nov 27, 2010",6
"Mon Mar 24, 2014",8
"Mon Jun 30, 2014",37
"Mon Jun 08, 2009",1
"Wed Jul 25, 2012",10
"Fri May 25, 2012",12
"Fri Apr 11, 2014",69
"Sun Aug 05, 2012",8
"Sun Mar 09, 2014",57
"Wed Feb 01, 2012",3
"Fri Feb 12, 2010",3
"Sun May 13, 2012",9
"Sat Jul 12, 2014",59
"Mon Aug 16, 2010",43
"Mon Aug 03, 2009",2
"Wed Oct 26, 2011",6
"Thu Nov 11, 2010",74
"Sun Mar 22, 2009",2
"Sun Mar 08, 2015",279
"Fri Apr 15, 2011",7
"Sat Mar 30, 2013",37
"Wed Feb 05, 2014",24
"Tue Jun 19, 2012",7
"Tue Dec 18, 2012",13
"Mon May 25, 2009",4
"Wed Apr 08, 2015",354
"Wed Oct 08, 2014",57
"Tue Jan 06, 2015",1
"Wed Jul 02, 2014",33
"Sun Oct 09, 2011",24
"Mon Jan 26, 2009",2
"Fri Oct 10, 2008",6
"Fri Aug 15, 2008",1
"Sat Nov 29, 2014",72
"Thu May 24, 2012",21
"Sat Apr 09, 2011",6
"Thu Dec 30, 2010",20
"Mon Apr 25, 2011",13
"Mon Dec 20, 2010",5
"Thu Aug 14, 2014",42
"Tue Sep 02, 2014",62
"Tue May 28, 2013",20
"Fri Jul 24, 2009",2
"Fri Jun 19, 2009",2
"Wed Sep 08, 2010",19
"Sat Apr 19, 2014",36
"Sun Apr 26, 2009",4
"Sun Jun 12, 2011",23
"Thu Jul 04, 2013",21
"Fri May 07, 2010",1
"Sat Oct 06, 2007",2
"Tue May 05, 2015",853
"Tue Nov 18, 2014",111
"Sun Apr 24, 2011",1
"Thu Sep 17, 2009",3
"Fri Feb 15, 2013",3
"Thu Jul 28, 2011",62
"Wed Jun 22, 2011",3
"Tue Jun 30, 2015",229
"Mon Jun 28, 2010",6
"Fri Aug 16, 2013",37
"Mon Oct 27, 2014",59
"Thu Mar 15, 2012",5
"Sat Nov 01, 2014",64
"Sat Oct 01, 2011",5
"Wed Jan 07, 2009",1
"Sat Apr 26, 2008",1
"Wed Mar 14, 2012",9
"Mon May 05, 2014",40
"Sat Feb 14, 2009",9
"Mon Jul 21, 2014",48
"Sun Sep 11, 2011",72
"Wed Sep 10, 2008",2
"Sun Nov 08, 2009",1
"Thu Oct 15, 2009",1
"Fri Sep 23, 2011",23
"Mon Apr 05, 2010",4
"Sat Feb 20, 2010",1
"Wed Feb 25, 2009",3
"Mon Sep 01, 2008",7
"Sat Jul 30, 2011",3
"Tue Dec 24, 2013",41
"Wed Nov 19, 2014",96
"Wed Jun 19, 2013",11
"Wed Dec 01, 2010",19
"Fri Aug 08, 2014",69
"Mon Oct 17, 2011",9
"Wed Aug 15, 2012",9
"Fri Jan 25, 2013",13
"Mon May 18, 2009",3
"Sun Jul 10, 2011",18
"Sat Dec 11, 2010",6
"Tue Sep 07, 2010",23
"Thu Jul 26, 2012",8
"Sat May 09, 2015",474
"Sat Nov 17, 2007",3
"Wed Jul 18, 2012",11
"Sat Oct 26, 2013",58
"Thu Apr 01, 2010",4
"Thu Jun 04, 2009",4
"Sat May 03, 2014",52
"Thu May 23, 2013",29
"Mon Mar 10, 2014",35
"Thu Dec 25, 2014",1
"Mon Nov 29, 2010",10
"Thu Jun 26, 2008",2
"Sun Dec 02, 2007",1
"Sat Jun 22, 2013",19
"Thu Jan 28, 2010",7
"Thu May 06, 2010",4
"Wed Feb 17, 2010",5
"Sun Mar 17, 2013",17
"Wed May 06, 2009",2
"Mon Aug 05, 2013",17
"Sun Jul 24, 2011",15
"Mon Nov 17, 2014",61
"Sat Dec 19, 2009",3
"Sat Jun 05, 2010",15
"Sun Nov 22, 2009",6
"Mon Nov 07, 2011",23
"Sat May 04, 2013",17
"Tue Aug 04, 2009",9
"Thu May 21, 2009",4
"Thu Oct 27, 2011",13
"Wed Mar 30, 2011",4
"Fri May 13, 2011",2
"Fri Mar 11, 2011",4
"Tue Feb 24, 2015",298
"Thu Dec 18, 2008",10
"Thu May 05, 2011",5
"Wed Feb 15, 2012",7
"Fri Apr 05, 2013",47
"Tue Jul 15, 2014",36
"Mon Oct 15, 2012",3
"Tue Feb 08, 2011",17
"Sat Nov 05, 2011",2
"Fri Sep 21, 2012",2
"Fri Aug 13, 2010",14
"Mon Jun 16, 2014",35
"Wed Mar 09, 2011",8
"Tue Jul 30, 2013",21
"Wed Jun 26, 2013",12
"Sat Aug 11, 2012",14
"Sat Sep 22, 2007",1
"Fri Jan 02, 2009",2
"Sun May 31, 2015",1031
"Sun Apr 22, 2012",10
"Fri Sep 16, 2011",17
"Wed Aug 20, 2008",1
"Mon Nov 26, 2012",5
"Wed Dec 21, 2011",8
"Tue Mar 30, 2010",2
"Tue Nov 20, 2012",10
"Fri Mar 28, 2014",35
"Sun Aug 24, 2008",4
"Sat Nov 10, 2007",3
"Wed Nov 16, 2011",10
"Thu Dec 06, 2012",12
"Fri Dec 17, 2010",9
"Mon Nov 02, 2009",1
"Wed Dec 11, 2013",28
"Mon May 02, 2011",1
"Tue Oct 12, 2010",6
"Tue Oct 29, 2013",66
"Thu Sep 01, 2011",5
"Sat Jul 14, 2012",10
"Wed Sep 01, 2010",7
"Wed May 13, 2009",2
"Sat Sep 25, 2010",8
"Thu Feb 19, 2009",6
"Fri Dec 12, 2008",2
"Thu Jan 26, 2012",1
"Wed Oct 22, 2014",86
"Wed Feb 24, 2010",7
"Thu Jul 21, 2011",18
"Mon Aug 18, 2008",3
"Wed Feb 04, 2009",1
"Sun Aug 23, 2009",10
"Thu Feb 16, 2012",9
"Thu Oct 09, 2014",47
"Wed Mar 31, 2010",21
"Sun Mar 22, 2015",330
"Thu Dec 04, 2014",163
"Wed Aug 13, 2014",50
"Mon Jan 23, 2012",3
"Thu Dec 11, 2014",88
"Sun Aug 17, 2014",82
"Wed Jan 13, 2010",3
"Tue May 17, 2011",5
"Sat Aug 07, 2010",8
"Wed Apr 08, 2009",9
"Mon May 06, 2013",49
"Fri Jun 05, 2009",4
"Fri Feb 17, 2012",8
"Fri Mar 12, 2010",19
"Mon Sep 14, 2009",4
"Thu Oct 20, 2011",1
"Wed Nov 10, 2010",21
"Tue Jan 06, 2009",2
"Thu Dec 31, 2009",12
"Thu Dec 20, 2012",9
"Fri Aug 15, 2014",31
"Mon Oct 24, 2011",5
"Fri Oct 10, 2014",67
"Thu Aug 14, 2008",1
"Thu Aug 25, 2011",2
"Wed Nov 07, 2007",65
"Thu Jan 20, 2011",6
"Wed Jun 23, 2010",26
"Fri Jun 19, 2015",460
"Sat Dec 18, 2010",1
"Sun Jan 27, 2013",14
"Sat Aug 22, 2009",5
"Thu Oct 22, 2009",14
"Fri May 14, 2010",12
"Sat Oct 06, 2012",15
"Thu Oct 02, 2014",71
"Sun Jun 21, 2009",6
"Wed Apr 04, 2012",8
"Thu Dec 03, 2009",7
"Sun Dec 07, 2014",105
"Fri Apr 20, 2012",9
"Mon Oct 27, 2008",3
"Tue Mar 29, 2011",1
"Mon Dec 05, 2011",17
"Mon Jun 27, 2011",8
"Thu Nov 15, 2012",5
"Tue Jan 11, 2011",21
"Wed Apr 29, 2015",942
"Sat Feb 14, 2015",2
"Sat May 01, 2010",6
"Sun May 10, 2009",12
"Tue Jul 22, 2014",53
"Sun Feb 10, 2013",21
"Tue Feb 01, 2011",5
"Mon Aug 20, 2012",4
"Wed Sep 21, 2011",6
"Wed Feb 25, 2015",286
"Sun Jul 04, 2010",6
"Sat Dec 27, 2014",1
"Fri Jul 22, 2011",21
"Wed May 30, 2012",17
"Sun Oct 28, 2012",6
"Wed Jul 29, 2009",1
"Sun Jan 16, 2011",3
"Mon Apr 23, 2007",1
"Sun Dec 21, 2014",87
"Sat Aug 27, 2011",3
"Sat May 30, 2015",855
"Mon May 18, 2015",866
"Wed May 27, 2009",4
"Mon Jun 24, 2013",14
"Sun Feb 02, 2014",43
"Tue Jun 03, 2014",57
"Mon Oct 03, 2011",2
"Tue Mar 12, 2013",17
"Fri Jan 12, 2007",1
"Sun Feb 28, 2010",8
"Sat Jan 29, 2011",8
"Thu Jun 26, 2014",104
"Sat Jan 21, 2012",4
"Tue Jul 01, 2008",1
"Mon Feb 04, 2013",10
"Wed Apr 20, 2011",2
"Thu Jun 04, 2015",25
"Fri Oct 05, 2012",4
"Mon May 12, 2008",2
"Mon Jun 09, 2014",18
"Thu Mar 24, 2011",4
"Sun Mar 25, 2012",4
"Wed Oct 21, 2009",6
"Mon Apr 18, 2011",8
"Sun Dec 23, 2012",9
"Sun Mar 15, 2009",4
"Tue Nov 17, 2009",8
"Wed May 28, 2014",39
"Fri Apr 25, 2014",52
"Sun Jul 18, 2010",25
"Thu Jun 10, 2010",8
"Mon Nov 24, 2014",49
"Thu Jun 21, 2012",9
"Sat Jan 26, 2013",9
"Mon Jan 09, 2012",13
"Thu Feb 27, 2014",44
"Tue Apr 30, 2013",75
"Wed Jun 24, 2015",957
"Wed Aug 27, 2008",3
"Tue Feb 24, 2009",10
"Tue Apr 21, 2015",621
"Sun May 19, 2013",20
"Thu Dec 18, 2014",122
"Tue Jul 15, 2008",1
"Tue Nov 25, 2014",59
"Thu Jul 30, 2009",5
"Fri Dec 28, 2012",16
"Sat Nov 07, 2009",4
"Mon Sep 29, 2014",55
"Sun Nov 24, 2013",42
"Sat Nov 10, 2012",3
"Sun May 31, 2009",4
"Mon Mar 30, 2015",311
"Fri Jan 07, 2011",6
"Sun Jan 18, 2009",3
"Fri Nov 05, 2010",4
"Sat Oct 03, 2009",7
"Sat Sep 22, 2012",2
"Sun Dec 01, 2013",43
"Sun Oct 24, 2010",3
"Mon Mar 31, 2014",31
"Sat Jul 09, 2011",10
"Mon Nov 30, 2009",3
"Mon Aug 15, 2011",7
"Thu Nov 17, 2011",2
"Sun Oct 21, 2012",5
"Sun Apr 06, 2014",54
"Mon Aug 30, 2010",5
"Thu Feb 05, 2009",2
"Wed Sep 17, 2014",73
"Fri Oct 26, 2012",15
"Mon Feb 10, 2014",25
"Thu Dec 13, 2012",15
"Sat Oct 18, 2014",71
"Tue Jul 24, 2012",6
"Fri Jun 27, 2008",1
"Mon Jan 06, 2014",22
"Thu Nov 14, 2013",34
"Sat May 18, 2013",19
"Mon Oct 18, 2010",6
"Thu Apr 10, 2014",25
"Fri Dec 10, 2010",9
"Thu Feb 19, 2015",151
"Fri Dec 12, 2014",60
"Wed Jan 01, 2014",31
"Thu May 29, 2014",35
"Sat Feb 16, 2013",4
"Sat Feb 13, 2010",3
"Mon Jul 23, 2007",1
"Thu Aug 22, 2013",18
"Thu Dec 11, 2008",1
"Sat Aug 20, 2011",4
"Thu Mar 31, 2011",3
"Fri Oct 31, 2014",62
"Mon Feb 23, 2009",3
"Fri May 29, 2015",928
"Sat Feb 12, 2011",3
"Wed Sep 02, 2009",9
"Mon Feb 14, 2011",3
"Wed Oct 01, 2008",1
"Fri Apr 12, 2013",23
"Wed Feb 02, 2011",3
"Sat Jul 10, 2010",18
"Tue Dec 01, 2009",1
"Sun Jan 11, 2015",1
"Tue Feb 11, 2014",28
"Sat Mar 14, 2015",240
"Sun Jan 10, 2010",5
"Tue Sep 30, 2014",64
"Mon Nov 17, 2008",3
"Sat Mar 23, 2013",17
"Wed Nov 07, 2012",10
"Sun Jan 31, 2010",3
"Sun Aug 29, 2010",7
"Tue Apr 06, 2010",1
"Fri Jul 06, 2012",18
"Fri Jan 08, 2010",4
"Fri Sep 26, 2014",66
"Fri Nov 15, 2013",66
"Sat Jan 05, 2013",27
"Wed Apr 04, 2007",1
"Sun Dec 07, 2008",1
"Mon Apr 23, 2012",12
"Sun Jun 21, 2015",944
"Sun Jan 25, 2009",2
"Wed Aug 21, 2013",22
"Tue Mar 01, 2011",4
"Mon Feb 15, 2010",2
"Fri May 15, 2009",7
"Fri Jan 06, 2012",6
"Wed Oct 17, 2012",1
"Sat May 15, 2010",8
"Mon Nov 01, 2010",3
"Mon Jan 03, 2011",1
"Wed Jun 17, 2015",725
"Sun May 10, 2015",1034
"Fri Sep 11, 2009",2
"Thu Jan 17, 2013",13
"Mon Nov 14, 2011",5
"Wed Apr 14, 2010",5
"Thu Oct 02, 2008",1
"Sun Aug 04, 2013",17
"Sun Nov 09, 2014",74
"Mon Aug 20, 2007",1
"Tue May 26, 2015",829
"Thu Mar 07, 2013",9
"Wed Mar 20, 2013",13
"Thu May 16, 2013",31
"Sun Nov 03, 2013",34
"Mon Nov 19, 2007",8
"Sun Mar 28, 2010",5
"Sat Dec 27, 2008",1
"Thu Nov 29, 2012",14
"Thu Jun 02, 2011",10
"Thu May 17, 2012",21
"Sun Dec 21, 2008",5
"Wed Dec 16, 2009",3
"Mon Aug 22, 2011",3
"Wed May 27, 2015",565
"Wed Jan 19, 2011",4
"Fri Jul 10, 2009",3
"Sat Jan 19, 2013",10
"Thu Jun 30, 2011",6
"Wed Sep 26, 2012",3
"Mon Jul 02, 2012",8
"Sun Dec 11, 2011",6
"Mon May 13, 2013",24
"Wed Dec 17, 2008",4
"Sun May 16, 2010",3
"Sun Nov 04, 2012",10
"Thu Jul 19, 2012",10
"Sun Aug 26, 2012",16
"Tue Jul 01, 2014",47
"Mon Jun 13, 2011",15
"Thu Dec 05, 2013",37
"Mon Oct 01, 2012",4
"Sat Nov 23, 2013",47
"Thu Oct 30, 2008",3
"Mon Oct 11, 2010",1
"Tue Dec 10, 2013",17
"Sun Jun 24, 2012",14
"Mon Feb 03, 2014",25
"Thu Jul 16, 2009",2
"Fri Apr 25, 2008",1
"Mon Feb 01, 2010",4
"Sat Jan 02, 2010",1
"Thu Jun 09, 2011",9
"Wed Oct 20, 2010",14
"Sun Mar 29, 2015",281
"Wed Aug 27, 2014",100
"Mon Sep 29, 2008",1
"Wed Jul 20, 2011",26
"Sat Feb 28, 2015",215
"Sun Dec 19, 2010",1
"Fri Sep 19, 2008",1
"Fri Dec 28, 2007",1
"Fri Jun 08, 2012",20
"Sun Sep 06, 2009",2
"Sat Apr 11, 2009",12
"Mon Jan 04, 2010",10
"Mon Jun 29, 2009",13
"Tue Sep 06, 2011",7
"Fri Aug 17, 2007",1
"Tue Aug 10, 2010",1
"Mon Nov 19, 2012",10
"Sun Jul 21, 2013",20
"Mon Mar 03, 2014",39
"Sat Dec 06, 2014",84
"Thu Sep 04, 2014",77
"Sun Apr 28, 2013",40
"Tue Sep 15, 2009",5
"Tue Aug 26, 2014",18
"Mon Jan 25, 2010",2
"Mon Jul 12, 2010",6
"Sat Apr 16, 2011",4
"Tue May 27, 2014",77
"Fri Oct 26, 2007",2
"Wed Mar 13, 2013",12
"Sat Apr 14, 2012",9
"Mon Jun 23, 2014",32
"Wed Dec 23, 2009",2
"Fri Jun 07, 2013",16
"Fri Feb 01, 2013",14
"Wed Jun 08, 2011",4
"Tue May 07, 2013",29
"Fri Apr 06, 2012",12
"Tue Feb 17, 2009",2
"Fri Aug 07, 2009",3
"Wed Feb 18, 2009",20
"Fri Aug 10, 2012",11
"Wed Mar 05, 2008",1
"Sun Sep 28, 2014",64
"Fri May 01, 2009",1
"Thu May 29, 2008",2
"Mon May 03, 2010",3
"Thu Dec 08, 2011",5
"Sun Apr 19, 2015",530
"Mon Feb 23, 2015",232
"Mon Jul 23, 2012",8
"Fri Jun 28, 2013",10
"Fri Oct 15, 2010",5
"Thu Oct 23, 2008",1
"Sat Jul 25, 2009",3
"Mon Feb 16, 2009",17
"Sun Feb 05, 2012",4
"Wed Aug 04, 2010",6
"Thu Jul 01, 2010",5
"Sat Mar 31, 2012",7
"Tue Nov 04, 2014",117
"Sun Jan 11, 2009",5
"Wed Dec 07, 2011",3
"Sat Oct 30, 2010",2
"Wed Mar 07, 2012",8
"Mon Apr 01, 2013",18
"Wed Jan 30, 2013",14
"Sat Mar 14, 2009",7
"Sat Sep 01, 2012",9
"Tue Sep 30, 2008",5
"Mon Dec 28, 2009",3
"Mon Oct 04, 2010",3
"Tue Feb 25, 2014",21
"Tue Apr 22, 2014",39
"Sun Feb 17, 2013",9
"Fri Jan 22, 2010",3
"Tue Dec 25, 2007",4
"Sat Sep 11, 2010",5
"Tue Mar 17, 2009",2
"Tue Oct 07, 2014",55
"Sat Mar 16, 2013",24
"Sat Jun 26, 2010",10
"Fri Jun 24, 2011",5
"Tue Nov 16, 2010",12
"Thu Jul 03, 2014",47
"Sat Sep 04, 2010",10
"Wed Nov 24, 2010",41
"Tue Dec 21, 2010",8
"Tue Mar 09, 2010",8
"Mon Dec 27, 2010",3
"Sun Jan 25, 2015",1
"Sun Apr 25, 2010",4
"Tue Apr 13, 2010",6
"Thu Dec 19, 2013",30
"Sat Feb 09, 2013",12
"Fri May 15, 2015",13
"Tue May 12, 2009",7
"Thu Nov 28, 2013",43
"Sun Mar 13, 2011",4
"Wed Jun 17, 2009",8
"Sat Apr 30, 2011",2
"Thu May 09, 2013",8
"Thu Aug 01, 2013",17
"Thu Jun 13, 2013",33
"Fri Nov 08, 2013",77
"Mon May 24, 2010",4
"Wed Apr 07, 2010",4
"Thu Jan 14, 2010",4
"Sun Jan 06, 2013",18
"Mon Aug 13, 2012",7
"Thu Aug 11, 2011",5
"Sat Dec 04, 2010",3
"Sat Dec 01, 2012",20
"Fri Jul 31, 2009",4
"Fri Sep 10, 2010",4
"Sat Dec 31, 2011",9
"Fri Sep 05, 2008",4
"Sun Jul 27, 2014",33
"Thu Apr 23, 2015",833
"Wed Sep 23, 2009",10
"Thu Aug 28, 2008",3
"Fri Apr 18, 2014",50
"Sat Dec 21, 2013",53
"Tue Nov 01, 2011",9
"Wed Feb 08, 2012",2
"Sat Mar 12, 2011",1
"Wed Aug 14, 2013",29
"Wed Jan 08, 2014",37
"Sun Nov 04, 2007",2
"Wed Dec 17, 2014",97
"Mon Feb 24, 2014",30
"Wed Mar 04, 2009",7
"Wed Apr 09, 2014",32
"Sat Jun 02, 2012",8
"Sat Oct 17, 2009",1
"Tue Feb 23, 2010",27
"Fri Oct 25, 2013",35
"Mon Oct 28, 2013",22
"Fri Aug 19, 2011",7
"Wed May 04, 2011",7
"Sat Mar 29, 2014",33
"Thu Apr 09, 2015",353
"Thu Oct 30, 2014",44
"Tue Jan 22, 2013",17
"Thu Jul 11, 2013",11
"Fri Apr 22, 2011",3
"Thu Jun 06, 2013",14
"Thu Nov 25, 2010",10
"Thu Feb 07, 2013",8
"Fri Jan 23, 2009",6
"Fri Mar 04, 2011",2
"Sun Feb 26, 2012",10
"Thu Mar 25, 2010",1
"Sun Mar 24, 2013",16
"Fri Oct 12, 2007",1
"Mon Aug 01, 2011",7
"Sun Oct 18, 2009",1
"Tue Aug 16, 2011",16
"Thu Nov 24, 2011",9
"Wed Jan 12, 2011",37
"Sat May 16, 2009",2
"Sat Feb 28, 2009",1
"Sat Aug 30, 2008",3
"Tue Apr 12, 2011",4
"Wed Jun 06, 2012",12
"Thu Dec 26, 2013",47
"Sun Jan 20, 2013",16
"Mon May 30, 2011",14
"Tue Jan 08, 2013",16
"Sat Mar 21, 2015",334
"Mon Mar 29, 2010",1
"Mon Dec 16, 2013",8
"Sat Mar 22, 2008",1
"Fri Aug 17, 2012",10
"Mon Jun 29, 2015",1372
"Wed Jul 17, 2013",8
"Thu Feb 28, 2013",9
"Mon Sep 05, 2011",8
"Fri May 21, 2010",13
"Thu Dec 27, 2012",16
"Sun Nov 18, 2012",26
"Thu Aug 21, 2014",14
"Tue Aug 26, 2008",4
"Mon Apr 11, 2011",8
"Tue Sep 29, 2009",4
"Wed Oct 28, 2009",4
"Sat May 26, 2012",12
"Fri Jan 18, 2013",17
"Tue Dec 31, 2013",36
"Sun Jul 29, 2012",6
"Fri Jan 01, 2010",27
"Fri Nov 13, 2009",10
"Sun Jun 01, 2014",37
"Fri Apr 24, 2015",1008
"Thu Jul 17, 2014",43
"Fri May 10, 2013",7
"Sun Aug 02, 2009",7
"Tue Jun 30, 2009",5
"Mon Nov 16, 2009",4
"Tue Apr 14, 2009",3
"Wed Jul 10, 2013",14
"Wed Feb 18, 2015",39
"Fri Apr 08, 2011",8
"Sun Mar 07, 2010",8
"Thu Mar 06, 2014",29
"Fri Aug 23, 2013",12
"Tue Jul 10, 2012",11
"Fri Oct 28, 2011",11
"Wed Aug 19, 2009",4
"Thu Oct 14, 2010",4
"Thu Feb 24, 2011",4
"Mon Aug 24, 2009",1
"Sun Apr 19, 2009",3
"Wed Mar 06, 2013",8
"Sun Sep 25, 2011",4
"Wed Jun 29, 2011",13
"Tue Nov 04, 2008",5
"Thu Jul 29, 2010",31
"Thu Dec 29, 2011",2
"Sat Jul 27, 2013",17
"Sat Feb 15, 2014",30
"Sun Sep 19, 2010",5
"Thu May 19, 2011",18
"Sat Jan 08, 2011",1
"Thu Nov 13, 2008",1
"Mon Aug 10, 2009",3
"Sat Dec 08, 2012",12
"Sat Aug 21, 2010",7
"Sat Jan 11, 2014",39
"Mon Jul 18, 2011",12
"Thu Mar 11, 2010",7
"Sun Dec 26, 2010",6
"Mon Jun 25, 2012",17
"Wed Aug 06, 2014",71
"Tue Dec 17, 2013",65
"Wed Apr 25, 2012",9
"Mon Jul 30, 2012",6
"Fri Sep 25, 2009",5
"Sat Jan 14, 2006",1
"Tue Jul 06, 2010",6
"Tue Sep 09, 2014",49
"Sun Jun 29, 2014",69
"Tue Mar 17, 2015",318
"Mon Nov 05, 2012",10
"Thu May 30, 2013",22
"Sat Jul 28, 2012",8
"Mon Jan 13, 2014",26
"Sun Mar 21, 2010",6
"Wed Jun 27, 2012",15
"Thu Mar 20, 2014",39
"Wed Jun 10, 2009",8
"Fri May 24, 2013",26
"Thu Oct 07, 2010",11
"Tue Nov 08, 2011",6
"Mon Jan 14, 2008",1
"Sat Mar 20, 2010",9
"Sun Dec 18, 2011",2
"Tue Dec 09, 2014",132
"Fri Jul 27, 2012",15
"Sat Dec 10, 2011",4
"Sun Apr 12, 2009",8
"Tue Oct 02, 2012",4
"Tue Mar 10, 2015",278
"Tue Nov 29, 2011",1
"Wed Oct 15, 2014",83
"Tue May 12, 2015",857
"Fri Feb 26, 2010",9
"Fri Feb 04, 2011",14
"Fri Jan 15, 2010",3
"Tue Jun 28, 2011",13
"Tue Jun 12, 2012",10
"Thu May 12, 2011",13
"Thu Oct 08, 2009",2
"Tue Jul 02, 2013",30
"Sat Feb 22, 2014",55
"Mon May 14, 2012",11
"Wed Dec 12, 2012",16
"Fri Aug 26, 2011",7
"Tue Apr 28, 2015",901
"Sat Aug 02, 2014",45
"Fri Jun 20, 2014",78
"Tue Jul 23, 2013",21
"Tue Jun 02, 2015",18
"Fri Feb 21, 2014",28
"Sun May 26, 2013",35
"Sat Sep 24, 2011",5
"Fri Sep 05, 2014",43
"Tue Mar 04, 2014",18
"Mon Dec 22, 2008",8
"Fri May 28, 2010",7
"Mon May 17, 2010",1
"Wed Apr 23, 2014",47
"Thu Aug 28, 2014",50
"Wed Aug 22, 2012",8
"Thu Apr 23, 2009",12
"Sat Nov 03, 2007",12
"Wed Nov 05, 2014",67
"Wed Feb 20, 2013",12
"Mon Mar 07, 2011",1
"Thu Oct 13, 2011",14
"Thu Mar 14, 2013",11
"Wed Mar 04, 2015",299
"Thu Nov 18, 2010",3
"Sat Jul 07, 2012",11
"Sun Mar 01, 2015",223
"Wed Sep 12, 2012",15
"Sat Aug 08, 2009",3
"Fri Sep 18, 2009",3
"Thu Apr 09, 2009",25
"Sat Jul 13, 2013",9
"Sun Jun 23, 2013",12
"Wed Jul 01, 2009",4
"Wed Feb 11, 2015",1
"Fri Apr 01, 2011",4
"Sun Aug 16, 2009",8
"Wed Jul 16, 2014",58
"Sat Apr 20, 2013",10
"Sat Feb 05, 2011",1
"Sat Aug 24, 2013",41
"Sun Mar 31, 2013",17
"Sun Nov 02, 2008",8
"Thu Dec 02, 2010",3
"Sat May 16, 2015",1380
"Sun Aug 14, 2011",4
"Thu Mar 01, 2012",2
"Tue Nov 19, 2013",26
"Tue May 04, 2010",4
"Fri May 06, 2011",4
"Thu Mar 05, 2009",4
"Tue Sep 13, 2011",24
"Sat Aug 30, 2014",74
"Fri Mar 01, 2013",9
"Wed Dec 08, 2010",6
"Fri Mar 09, 2012",8
"Wed Nov 03, 2010",6
"Sun Jan 20, 2008",1
"Sat Sep 18, 2010",17
"Wed Jan 29, 2014",21
"Fri Jan 17, 2014",45
"Sat Mar 22, 2014",30
"Fri Oct 07, 2011",2
"Sun Jan 17, 2010",4
"Fri Aug 20, 2010",6
"Thu Aug 21, 2008",2
"Wed Nov 17, 2010",10
"Mon Apr 22, 2013",10
"Wed Nov 23, 2011",2
"Wed Jul 23, 2014",53
"Fri Jul 15, 2005",1
"Thu Apr 03, 2014",32
"Wed Jun 16, 2010",35
"Tue Aug 12, 2014",64
"Wed May 25, 2011",7
"Fri Jun 25, 2010",9
"Tue Jan 05, 2010",2
"Wed Oct 22, 2008",2
"Tue Jun 15, 2010",4
"Tue Apr 21, 2009",2
"Thu Jun 11, 2009",4
"Fri Nov 20, 2009",7
"Tue Oct 07, 2008",1
"Wed Dec 30, 2009",7
"Tue Dec 16, 2008",4
"Wed Apr 15, 2015",528
"Wed Feb 23, 2011",1
"Thu Jul 03, 2008",1
"Thu Jan 13, 2011",1
"Sun Dec 20, 2009",4
"Wed Apr 18, 2012",12
"Thu Mar 13, 2014",39
"Sun Feb 10, 2008",1
"Thu Sep 29, 2011",7
"Mon May 20, 2013",23
"Thu Aug 18, 2011",5
"Sat Sep 06, 2008",1
"Fri Sep 02, 2011",6
"Sat Aug 10, 2013",23
"Wed Aug 24, 2011",5
"Mon Dec 24, 2007",4
"Wed Dec 03, 2014",103
"Mon Sep 22, 2008",1
"Sun May 03, 2009",6
"Tue Feb 02, 2010",7
"Mon Apr 19, 2010",8
"Thu Aug 09, 2012",16
"Sun Oct 11, 2009",6
"Sat Oct 24, 2009",3
"Sun Sep 16, 2012",12
"Mon Mar 09, 2015",210
"Thu Jan 05, 2012",5
"Wed Feb 10, 2010",25
"Tue Aug 28, 2012",9
"Sat Apr 25, 2009",1
"Tue Mar 06, 2012",11
"Sun May 05, 2013",40
"Wed May 23, 2012",6
"Sun Dec 27, 2009",3
"Sun Apr 18, 2010",7
"Mon Mar 08, 2010",6
"Wed Dec 12, 2007",11
"Fri Mar 23, 2012",1
"Sun Jan 05, 2014",26
"Tue Jan 24, 2012",16
"Mon Dec 15, 2008",5
"Tue Mar 02, 2010",7
"Fri Jul 25, 2014",46
"Sat Aug 01, 2009",4
"Sat Nov 22, 2014",54
"Tue Dec 06, 2011",11
"Tue Dec 23, 2008",5
"Mon Oct 10, 2011",1
"Sat Jan 16, 2010",3
"Mon Nov 28, 2011",5
"Tue Sep 09, 2008",5
"Thu Feb 20, 2014",25
"Sat Jan 14, 2012",6
"Fri Aug 02, 2013",25
"Wed Apr 30, 2014",32
"Tue Oct 23, 2012",3
"Mon Dec 13, 2010",11
"Mon Mar 09, 2009",12
"Thu Aug 06, 2009",3
"Thu Nov 01, 2012",7
"Sun Nov 15, 2009",3
"Sun Aug 21, 2011",14
"Wed Mar 19, 2014",38
"Sat Jul 04, 2009",3
"Thu Apr 22, 2010",5
"Sat Aug 29, 2009",2
"Fri Jul 27, 2007",1
"Sat Jun 12, 2010",3
"Mon Jan 14, 2013",15
"Wed Feb 26, 2014",22
"Wed May 15, 2013",31
"Sun Apr 12, 2015",339
"Sun Apr 29, 2012",5
"Tue Nov 24, 2009",4
"Thu Jul 18, 2013",19
"Mon Jan 16, 2012",6
"Tue Aug 17, 2010",12
"Sun Mar 11, 2012",7
"Mon Nov 11, 2013",78
"Wed Jul 14, 2010",5
"Fri Jun 12, 2015",478
"Wed Aug 25, 2010",22
"Tue Apr 27, 2010",4
"Wed Jul 21, 2010",7
"Tue Sep 25, 2012",2
"Sun Dec 13, 2009",11
"Tue Nov 26, 2013",51
"Thu Jan 24, 2008",1
"Tue Feb 26, 2013",10
"Tue Mar 26, 2013",22
"Sun Sep 04, 2011",3
"Sat May 21, 2011",27
"Fri Feb 06, 2009",2
"Thu Aug 05, 2010",10
"Tue Apr 28, 2009",4
"Wed Dec 31, 2008",1
"Mon Mar 05, 2012",3
"Wed Mar 05, 2014",31
"Mon Jun 10, 2013",16
"Sat Nov 03, 2012",7
"Sat Aug 17, 2013",24
"Sat Apr 06, 2013",16
"Mon Jul 16, 2012",5
"Fri Jan 10, 2014",80
"Tue Jun 09, 2009",2
"Mon Apr 15, 2013",9
"Fri Nov 16, 2012",8
"Sat Mar 09, 2013",12
"Sun Jun 08, 2014",54
"Sun Dec 16, 2012",4
"Thu Jun 14, 2012",2
"Thu Sep 08, 2011",18
"Fri Jan 11, 2013",18
"Mon Jul 29, 2013",21
"Mon Aug 02, 2010",3
"Wed Aug 22, 2007",1
"Thu Nov 22, 2012",8
"Tue Dec 03, 2013",25
"Wed Aug 18, 2010",12
"Fri Oct 09, 2009",3
"Mon Aug 23, 2010",25
"Sun Jul 20, 2014",55
"Sun May 23, 2010",11
"Sun Dec 09, 2012",11
"Fri Dec 04, 2009",3
"Mon Nov 08, 2010",7
"Tue Jan 21, 2014",9
"Sat Aug 15, 2009",4
"Tue Jul 19, 2011",5
"Sun Mar 01, 2009",1
"Wed Dec 18, 2013",41
"Tue Feb 04, 2014",35
"Thu Sep 16, 2010",12
"Thu Nov 21, 2013",20
"Sun Nov 16, 2008",5
"Sat Oct 22, 2011",21
"Wed Mar 16, 2011",3
"Mon Oct 25, 2010",2
"Mon Jun 18, 2012",11
"Tue Nov 23, 2010",4
"Mon Sep 17, 2012",7
"Thu Feb 25, 2010",7
"Wed Nov 20, 2013",16
"Tue Jun 23, 2009",4
"Fri Dec 09, 2011",6
"Sun Nov 10, 2013",63
"Thu May 27, 2010",17
"Mon Feb 25, 2013",17
"Sun Mar 03, 2013",9
"Fri Sep 12, 2008",5
"Fri Oct 22, 2010",6
"Sat Jan 30, 2010",3
"Sat Nov 08, 2014",75
"Sat Jan 03, 2009",2
"Thu Dec 22, 2011",11
"Thu Mar 05, 2015",313
"Tue Nov 02, 2010",11
"Thu May 22, 2008",1
"Sat Jul 03, 2010",8
"Sat Nov 15, 2014",97
"Sun Jan 02, 2011",5
"Tue Sep 18, 2012",8
"Tue Jul 22, 2008",1
"Wed Jun 20, 2012",8
"Wed Mar 15, 2006",1
"Tue Jun 22, 2010",6
"Wed Dec 24, 2008",2
"Sat Jun 27, 2009",1
"Mon Jul 20, 2009",1
"Sun Jan 03, 2010",2
"Tue May 24, 2011",14
"Sun Jul 31, 2011",4
"Sun Jan 26, 2014",36
"Tue Sep 28, 2010",6
"Sat Jun 11, 2011",15
"Sat May 12, 2012",5
"Wed Oct 23, 2013",26
"Sat Jun 20, 2015",1020
"Tue Sep 08, 2009",3
"Sat Jul 31, 2010",4
"Mon Mar 19, 2012",3
"Thu Jun 11, 2015",1183
"Mon Dec 19, 2011",2
"Sat Mar 19, 2011",14
"Sat Oct 18, 2008",6
"Sat Jun 21, 2014",57
"Mon Apr 20, 2015",533
"Tue Jun 25, 2013",9
"Sat Feb 25, 2012",2
"Wed Apr 15, 2009",3
"Tue Feb 19, 2013",13
"Wed Apr 27, 2011",1
"Mon Feb 06, 2012",3
"Tue Jan 02, 2007",1
"Thu Mar 13, 2008",1
"Tue Jan 26, 2010",3
"Tue Apr 20, 2010",5
"Sat May 02, 2015",1104
"Tue Aug 21, 2012",10
"Mon Sep 22, 2014",45
"Sun Oct 05, 2014",82
"Sat Dec 13, 2008",2
"Sun Jul 12, 2009",4
"Sat Sep 06, 2014",43
"Sun May 03, 2015",762
"Wed Mar 23, 2011",5
"Sun Apr 20, 2014",38
"Sun Feb 14, 2010",7
"Wed Apr 17, 2013",17
"Wed Apr 03, 2013",16
"Fri Apr 10, 2015",394
"Fri Jul 05, 2013",14
"Sun May 17, 2015",1023
"Sun Jan 22, 2012",3
"Sat May 28, 2011",3
"Tue Mar 03, 2009",5
"Mon Jun 01, 2009",3
"Thu Mar 08, 2012",6
"Sat Apr 25, 2015",952
"Thu Apr 02, 2009",6
"Thu Sep 11, 2014",48
"Sat Feb 08, 2014",25
"Mon Jul 11, 2011",6
"Mon Feb 11, 2013",11
"Mon Dec 15, 2014",128
"Sat Oct 10, 2009",3
"Fri Mar 16, 2012",12
"Mon Dec 24, 2012",6
"Sun Sep 14, 2014",57
"Wed Dec 03, 2008",1
"Fri Jul 25, 2008",2
"Sat Sep 05, 2009",5
"Thu Jun 05, 2014",41
"Sat Nov 22, 2008",2
"Fri Mar 15, 2013",10
"Sat Apr 13, 2013",44
"Sat Oct 11, 2008",4
"Sat Jul 06, 2013",15
"Sun Jul 07, 2013",20
"Sat Dec 24, 2011",10
"Sun May 08, 2011",41
"Thu Oct 24, 2013",30
"Wed Feb 29, 2012",12
"Mon Feb 20, 2012",3
"Tue Feb 21, 2012",3
"Thu Feb 09, 2012",3
"Sat Nov 20, 2010",5
"Wed Dec 15, 2010",7
"Wed Aug 11, 2010",8
"Mon Dec 07, 2009",5
"Fri Nov 04, 2011",3
"Tue Apr 09, 2013",27
"Mon Mar 02, 2009",2
"Thu Jun 19, 2008",1
"Sun Jun 10, 2012",18
"Thu Jul 23, 2009",2
"Sun Jun 14, 2009",2
"Fri Jun 12, 2009",5
"Thu Jun 16, 2011",6
"Thu Oct 29, 2009",8
"Sat Jun 16, 2012",5
"Sat Aug 23, 2008",8
"Tue Sep 25, 2007",1
"Fri Nov 07, 2014",101
"Mon Jun 07, 2010",16
"Tue May 21, 2013",22
"Fri Jun 15, 2012",5
"Fri Jun 17, 2011",13
"Sat Aug 18, 2012",3
"Thu Mar 19, 2015",264
"Fri Aug 22, 2008",1
"Mon Jan 31, 2011",11
"Tue Aug 07, 2012",9
"Tue Sep 11, 2012",13
"Wed Dec 19, 2012",14
"Mon Jan 19, 2009",5
"Sun Jul 14, 2013",22
"Sat Dec 15, 2012",14
"Mon Apr 26, 2010",1
"Mon Mar 26, 2012",7
"Fri Nov 02, 2012",9
"Sun Oct 30, 2011",4
"Sun Mar 29, 2009",1
"Mon Jul 05, 2010",19
"Sun Jul 19, 2009",1
"Sat May 29, 2010",4
"Tue Oct 28, 2008",3
"Mon Sep 19, 2011",13
"Fri Jun 18, 2010",9
"Sun Dec 14, 2014",87
"Sat Feb 06, 2010",5
"Wed Jan 26, 2011",1
"Wed Apr 11, 2012",2
"Tue Nov 05, 2013",133
"Fri Dec 24, 2010",3
"Fri May 17, 2013",17
"Sun Nov 16, 2014",128
"Fri Aug 14, 2009",3
"Tue Oct 16, 2012",4
"Thu Jul 09, 2009",3
"Wed Sep 22, 2010",6
"Fri Aug 08, 2008",1
"Fri Oct 01, 2010",7
"Mon Sep 06, 2010",12
"Tue Oct 27, 2009",4
"Sun Sep 21, 2008",3
"Tue Jul 07, 2009",10
"Tue Jun 23, 2015",1239
"Tue Jan 17, 2012",6
"Tue Apr 29, 2014",51
"Mon Jan 28, 2013",5
"Mon Aug 19, 2013",14
"Sun Sep 12, 2010",4
"Sun Jun 16, 2013",13
"Fri Sep 12, 2014",70
"Wed Mar 02, 2011",4
"Fri Jan 24, 2014",25
"Mon Mar 18, 2013",8
"Wed Aug 31, 2011",14
"Thu May 20, 2010",9
"Thu Jul 12, 2012",7
"Wed Dec 14, 2011",8
"Sat Nov 15, 2008",2
"Sun Apr 11, 2010",1
"Thu Apr 24, 2014",36
"Sun Nov 23, 2008",1
"Sat Nov 26, 2011",9
"Fri Nov 30, 2012",9
"Mon Feb 18, 2013",7
"Tue Jul 29, 2014",53
"Tue Dec 29, 2009",23
"Sat Sep 29, 2012",4
"Thu May 10, 2012",23
"Thu Oct 18, 2012",2
"Fri Jan 31, 2014",22
"Thu Apr 04, 2013",26
"Mon Jul 19, 2010",2
"Fri Feb 03, 2012",8
"Sun Mar 27, 2011",4
"Thu Mar 26, 2015",387
"Sat Jun 20, 2009",2
"Tue Oct 14, 2014",79
"Wed Apr 21, 2010",10
"Tue Nov 20, 2007",3
"Sat Mar 03, 2012",12
"Sat Jun 13, 2015",705
"Tue Mar 31, 2009",3
"Tue Nov 09, 2010",5
"Thu Mar 27, 2014",32
"Sun May 30, 2010",15
"Sat Mar 24, 2012",2
"Fri May 20, 2011",9
"Tue Oct 13, 2009",2
"Mon Apr 20, 2009",3
"Mon Dec 08, 2008",1
"Sun Apr 05, 2015",453
"Tue Jan 29, 2013",17
"Sun Feb 15, 2009",15
"Tue Jun 03, 2008",1
"Mon Feb 13, 2012",3
"Tue Jun 14, 2011",87
"Thu Jun 27, 2013",11
"Sun Oct 12, 2014",87
"Wed Jan 09, 2013",10
"Sat Dec 25, 2010",5
"Sat May 02, 2009",4
"Sun Oct 05, 2008",5
"Thu Aug 12, 2010",13
"Fri Dec 16, 2011",5
"Sun Jun 19, 2011",8
"Fri Apr 10, 2009",4
"Thu Dec 10, 2009",3
"Wed Jun 15, 2011",50
"Thu Aug 29, 2013",34
"Fri Jan 21, 2011",5
"Sun May 17, 2009",8
"Wed Sep 16, 2009",1
"Tue Feb 03, 2009",3
"Sat Dec 17, 2011",6
"Mon Jun 01, 2015",637
"Thu Apr 02, 2015",482
"Fri Sep 03, 2010",37
"Sun Sep 23, 2012",3
"Wed Nov 30, 2011",1
"Sun Apr 17, 2011",5
"Sun Aug 24, 2014",63
"Thu Apr 08, 2010",4
"Thu Sep 11, 2008",1
"Sat Dec 13, 2014",83
"Thu Apr 30, 2015",986
"Fri Jan 09, 2009",2
"Thu Apr 19, 2007",1
"Tue Mar 05, 2013",20
"Wed Aug 07, 2013",18
"Sun Aug 17, 2008",2
"Sun Feb 21, 2010",3
"Thu Feb 17, 2011",5
"Sun Nov 07, 2010",7
"Sat Apr 28, 2012",7
"Sat Oct 11, 2014",69
"Sun Aug 08, 2010",29
"Tue Sep 22, 2009",4
"Thu Feb 11, 2010",1
"Sat May 30, 2009",2
"Wed Oct 12, 2011",3
"Wed Nov 11, 2009",5
"Sun Apr 10, 2011",8
"Tue Apr 14, 2015",477
"Mon Mar 02, 2015",155
"Sun Nov 21, 2010",5
"Thu Jan 08, 2009",6
"Fri Sep 09, 2011",8
"Thu Apr 16, 2015",482
"Thu Oct 23, 2014",61
"Thu Aug 30, 2012",6
"Thu Jun 19, 2014",30
"Thu Oct 21, 2010",4
"Thu Feb 18, 2010",3
"Tue May 29, 2007",1
"Sat Jul 16, 2011",3
"Tue Aug 31, 2010",5
"Thu Nov 15, 2007",6
"Sat Jan 23, 2010",13
"Fri Mar 30, 2012",2
"Wed Jan 05, 2011",5
"Mon Mar 01, 2010",17
"Sat Aug 23, 2014",68
"Tue Aug 30, 2011",6
"Wed Aug 12, 2009",7
"Tue Nov 27, 2007",1
"Tue Apr 01, 2014",43
"Tue Sep 21, 2010",7
"Sun Nov 29, 2009",1
"Sat Jul 20, 2013",20
"Wed Sep 24, 2008",1
"Sat May 07, 2011",7
"Mon Oct 31, 2011",6
"Wed Jul 04, 2012",20
"Fri Aug 22, 2014",71
"Mon Sep 12, 2011",27
"Sun Jun 02, 2013",19
"Wed Jul 27, 2011",7
"Fri Sep 24, 2010",10
"Fri Nov 07, 2008",5
"Mon Apr 02, 2012",3
"Tue Sep 01, 2009",10
"Tue Aug 02, 2011",2
"Tue Oct 28, 2014",83
"Tue Mar 18, 2014",45
"Tue Dec 04, 2012",7
"Fri Jul 11, 2014",75
"Mon Dec 09, 2013",27
"Mon Mar 21, 2011",7
"Sun Dec 14, 2008",2
"Thu Jul 22, 2010",3
"Wed Feb 27, 2013",17
"Fri May 16, 2008",1
"Sat Apr 23, 2011",3
"Tue Jun 11, 2013",12
"Mon Oct 05, 2009",1
"Tue Jul 13, 2010",4
"Mon Sep 15, 2014",53
"Fri Apr 23, 2010",2
"Wed Jul 03, 2013",22
"Fri Apr 17, 2015",319
"Tue Feb 15, 2011",2
"Wed Jan 25, 2012",2
"Wed Nov 06, 2013",51
"Tue Oct 05, 2010",6
"Sun May 02, 2010",6
"Sun Feb 24, 2013",4
"Fri Jul 08, 2011",17
"Wed Jul 09, 2008",2
"Sun Aug 19, 2012",7
"Thu May 03, 2012",20
"Sat May 08, 2010",22
"Sat Oct 25, 2014",83
"Wed Oct 14, 2009",1
"Wed Oct 24, 2012",13
"Sat Jun 27, 2015",1358
"Thu Feb 23, 2012",2
"Wed Feb 19, 2014",28
"Thu Nov 06, 2014",115
"Sun Jun 20, 2010",4
"Fri Apr 09, 2010",5
"Sun Oct 17, 2010",6
"Sat Mar 02, 2013",10
"Tue Dec 02, 2014",121
"Sat Nov 17, 2012",7
"Sat Sep 12, 2009",3
"Wed Oct 27, 2010",4
"Sun Jul 28, 2013",10
"Fri Jan 03, 2014",43
"Mon Jun 11, 2012",6
"Sat Nov 02, 2013",85
"Mon Jul 07, 2008",3
"Sat Oct 02, 2010",17
"Thu Apr 26, 2012",14
"Fri Jun 22, 2012",13
"Mon Nov 25, 2013",28
"Thu Jul 07, 2011",57
"Thu Jan 02, 2014",30
"Tue Oct 14, 2008",5
"Sat Oct 08, 2011",5
"Mon Oct 20, 2008",9
"Sun Nov 02, 2014",60
"Thu Mar 26, 2009",1
"Thu May 26, 2011",4
"Wed Jun 12, 2013",29
"Mon Mar 16, 2015",229
"Sat Jun 08, 2013",18
"Sat Jun 13, 2009",5
"Tue May 11, 2010",7
"Mon Aug 29, 2011",3
"Wed Apr 13, 2011",12
"Thu Jan 06, 2011",4
"Wed Jan 04, 2012",2
"Tue Nov 11, 2014",50
"Tue Dec 16, 2014",156
"Mon Dec 08, 2014",69
"Wed May 26, 2010",17
"Mon Jan 05, 2009",8
"Sun Nov 28, 2010",21
"Tue Jul 14, 2009",4
"Tue May 01, 2012",12
"Thu Dec 17, 2009",5
"Fri Oct 14, 2011",4
"Tue Oct 19, 2010",8
"Sat Aug 09, 2014",39
"Thu Nov 10, 2011",2
"Tue Jun 01, 2010",4
"Sun Feb 01, 2009",1
"Mon Apr 04, 2011",33
"Sun Oct 12, 2008",2
"Mon Mar 11, 2013",10
"Fri Oct 30, 2009",2
"Mon Jul 28, 2014",20
"Mon May 07, 2012",8
"Wed Jun 04, 2014",43
"Fri Mar 06, 2015",310
"Sun Feb 13, 2011",7
"Thu Dec 12, 2013",26
"Fri May 29, 2009",2
"Tue Dec 27, 2011",7
"Mon Jul 25, 2011",6
"Sun Jul 13, 2008",1
"Wed May 12, 2010",10
"Mon Apr 07, 2014",32
"Sun Jul 13, 2014",41
"Tue Jan 12, 2010",7
"Mon Feb 08, 2010",6
"Tue Jan 27, 2009",2
"Fri Sep 30, 2011",12
"Fri Nov 11, 2011",7
"Mon May 04, 2015",1083
"Wed Aug 26, 2009",7
"Sat Aug 25, 2007",1
"Wed Dec 09, 2009",4
"Wed May 16, 2012",10
"Sun Dec 29, 2013",44
"Thu Apr 30, 2009",5
"Sun Jan 15, 2012",5
"Thu Apr 19, 2012",3
"Tue Aug 20, 2013",22
"Mon Dec 23, 2013",40
"Wed Nov 12, 2008",5
"Sat Apr 27, 2013",17
"Fri Dec 31, 2010",3
"Sun Nov 17, 2013",58
"Sat Jun 25, 2011",2
"Fri Jun 01, 2012",6
"Mon Sep 27, 2010",10
"Thu Oct 04, 2012",3
"Sun Sep 30, 2012",12
"Sat Aug 06, 2011",12
"Fri Dec 30, 2011",3
"Fri Feb 14, 2014",29
"Wed Mar 17, 2010",7
"Sun Mar 16, 2014",54
"Mon Aug 26, 2013",19
"Sat Oct 31, 2009",5
"Wed Sep 07, 2011",1
"Thu Apr 16, 2009",2
"Sun Oct 19, 2008",1
"Sat Sep 13, 2008",2
"Thu Jan 22, 2009",2
"Mon Oct 13, 2008",4
"Sat Nov 21, 2009",9
"Fri May 30, 2014",26
"Sun Aug 09, 2009",2
"Tue May 29, 2012",18
"Sat Dec 22, 2012",9
"Sat May 31, 2014",32
"Fri Jul 04, 2014",33
"Wed Oct 10, 2012",11
"Mon Sep 13, 2010",2
"Fri Mar 20, 2015",205
"Sat Jun 19, 2010",4
"Mon Jun 17, 2013",22
"Tue Jul 26, 2011",6
"Tue Nov 06, 2012",10
"Tue May 31, 2011",6
"Tue Oct 06, 2009",5
"Wed Jan 15, 2014",25
"Fri May 11, 2012",18
"Sat May 11, 2013",5
"Tue Nov 27, 2012",23
"Tue Aug 11, 2009",5
"Wed Jan 18, 2012",2
"Sat Jun 15, 2013",19
"Mon Jul 08, 2013",14
"Sat Jul 11, 2009",2
"Sat Jan 25, 2014",37
"Sat Nov 01, 2008",4
"Fri Mar 02, 2012",13
"Mon Jul 09, 2012",5
"Thu Nov 08, 2007",5
"Sun Jun 13, 2010",8
"Fri Sep 14, 2012",6
"Sun Jan 29, 2012",11
"Fri Jan 16, 2009",2
"Tue Aug 05, 2014",35
"Wed May 18, 2011",4
"Thu Aug 13, 2009",8
"Fri Jul 15, 2011",16
"Mon Nov 05, 2007",6
"Thu Mar 29, 2012",5
"Sat Oct 27, 2012",10
"Sun Jan 23, 2011",16
"Sat Mar 28, 2009",4
"Sun Aug 18, 2013",38
"Fri Nov 26, 2010",2
"Fri Dec 14, 2007",1
"Fri Sep 17, 2010",3
"Wed Oct 31, 2007",1
"Sun Jun 22, 2014",74
"Wed Apr 02, 2014",33
"Wed Feb 16, 2011",2
"Mon Jan 18, 2010",2
"Mon Jan 11, 2010",3
"Tue Jun 21, 2011",6
"Sun Oct 03, 2010",36
"Sun Jan 24, 2010",4
"Fri Jan 29, 2010",6
"Sun Feb 03, 2008",1
"Fri Jun 26, 2009",7
"Mon Sep 24, 2012",6
"Fri Mar 14, 2014",23
"Sat Oct 25, 2008",2
"Fri Feb 11, 2011",4
"Sat Aug 03, 2013",15
"Sat Jan 09, 2010",3
"Sun Oct 02, 2011",3
"Sun Sep 18, 2011",7
"Sun Apr 21, 2013",20
"Wed Jul 09, 2014",48
"Fri Jan 28, 2011",5
"Tue Jul 08, 2014",26
"Sun Mar 20, 2011",7
"Thu Mar 21, 2013",28
"Tue Dec 07, 2010",5
"Tue Jan 03, 2012",2
"Thu Jan 12, 2012",2
"Wed Nov 05, 2008",3
"Sat Mar 15, 2014",49
"Wed Nov 13, 2013",21
"Sat Apr 18, 2009",14
"Sun Nov 25, 2012",11
"Sun May 12, 2013",17
"Mon Dec 14, 2009",7
"Mon Mar 17, 2014",28
"Sat Feb 07, 2009",1
"Thu Sep 15, 2011",17
"Tue Jan 18, 2011",4
"Fri Aug 01, 2014",30
"Sun Mar 23, 2014",45
"Thu Mar 22, 2012",6
"Fri Dec 18, 2009",3
"Fri Oct 08, 2010",6
"Tue Jun 29, 2010",9
"Mon Jun 22, 2015",1023
"Tue Dec 30, 2008",1
"Sun Jan 04, 2009",2
"Sun May 24, 2015",980
"Thu Jan 23, 2014",45
"Mon Jul 07, 2014",59
"Sun Aug 15, 2010",5
"Sun May 15, 2011",22
"Mon Oct 20, 2014",65
"Thu Aug 04, 2011",5
"Fri Mar 18, 2011",18
"Mon Feb 27, 2012",3
"Thu Nov 05, 2009",5
"Wed Aug 10, 2011",2
"Wed Oct 07, 2009",2
"Wed Mar 24, 2010",3
"Thu Feb 14, 2013",7
"Wed Nov 02, 2011",10
"Sun Jun 07, 2009",1
"Fri Aug 28, 2009",6
"Sun Apr 01, 2012",9
"Mon Jan 07, 2013",17
"Wed Feb 13, 2013",18
"Wed May 02, 2012",13
"Fri Apr 03, 2015",452
"Tue Nov 11, 2008",4
"Mon Apr 21, 2014",51
"Fri Dec 06, 2013",39
"Wed Mar 25, 2009",1
"Sun Sep 02, 2012",3
"Thu Jun 07, 2012",12
"Tue May 25, 2010",14
"Tue Aug 19, 2014",39
"Sun Feb 01, 2015",1
"Tue Jan 14, 2014",39
"Sat Sep 08, 2012",4
"Thu Nov 06, 2008",2
"Sat Jun 21, 2008",1
"Tue Nov 13, 2012",8
"Wed Jun 03, 2009",3
"Thu Nov 20, 2014",63
"Sat May 23, 2009",3
"Fri Mar 06, 2009",1
"Fri Feb 05, 2010",1
"Mon Jul 28, 2008",1
"Thu Aug 16, 2012",6
"Sun Oct 31, 2010",2
"Wed Apr 16, 2014",40
"Mon Jun 03, 2013",14
"Fri Mar 13, 2015",186
"Sat Aug 04, 2012",8
"Mon Apr 06, 2015",414
"Mon Jul 01, 2013",15
"Sun Oct 13, 2013",1
"Mon Dec 31, 2012",13
"Fri Nov 23, 2012",10
"Thu Jun 28, 2012",13
"Fri Aug 31, 2012",13
"Wed Apr 28, 2010",8
"Sat Jul 23, 2011",22
"Tue Aug 18, 2009",3
"Sat Aug 25, 2012",6
"Sun Jan 09, 2011",9
"Wed Nov 12, 2014",47
"Tue Mar 27, 2012",7
"Sun Jul 15, 2012",12
"Sat Dec 14, 2013",25
"Tue Apr 19, 2011",4
"Sat Jun 18, 2011",17
"Tue Jun 16, 2009",6
"Fri Dec 20, 2013",53
"Wed Dec 25, 2013",49
"Sat May 23, 2015",934
"Sun Sep 09, 2012",7
"Thu Aug 08, 2013",16
"Sun Nov 01, 2009",9
"Mon May 04, 2009",1
"Sat Jan 10, 2009",1
"Tue Feb 16, 2010",2
"Fri Apr 29, 2011",2
"Wed Mar 03, 2010",4
"Sat Sep 13, 2014",75
"Tue Sep 14, 2010",4
"Sun Oct 19, 2014",113
"Thu Jul 24, 2014",46
"Mon Oct 13, 2014",50
"Mon Jul 13, 2009",4
"Fri May 30, 2008",2
"Wed Jan 21, 2009",2
"Wed May 29, 2013",32
"Fri Jan 20, 2012",5
"Sun Mar 14, 2010",4
"Wed Jan 02, 2013",13
"Mon Jan 27, 2014",34
"Sun Jun 14, 2015",898
"Tue Aug 25, 2009",2
"Fri Mar 20, 2009",4
"Mon Jun 08, 2015",1031
"Mon Aug 25, 2008",5
"Wed Sep 05, 2012",8
"Fri Jul 29, 2011",3
"Wed Dec 22, 2010",7
"Wed Sep 15, 2010",19
"Mon Jan 12, 2009",4
"Thu Sep 18, 2008",1
"Fri Jan 04, 2013",19
"Wed Mar 11, 2009",1
"Tue Nov 06, 2007",1
"Fri Jul 13, 2012",13
"Sun Mar 15, 2015",200
"Mon Jun 15, 2015",833
"Sat Nov 06, 2010",10
"Thu Feb 26, 2009",3
"Tue Feb 18, 2014",28
"Wed Jan 20, 2010",3
"Sat Apr 12, 2008",1
"Mon Oct 06, 2008",2
"Thu Nov 08, 2012",8
"Wed Nov 04, 2009",3
"Sun Jul 22, 2012",5
"Sun Oct 04, 2009",2
"Fri Jul 20, 2012",7
"Sun Feb 19, 2012",7
"Sun Aug 03, 2014",50
"Sun Jun 06, 2010",7
"Sun Jul 08, 2012",3
"Sat May 05, 2012",5
"Wed Oct 30, 2013",81
"Sat Jan 28, 2012",5
"Sat Mar 28, 2015",421
"Tue May 08, 2012",2
"Tue Nov 15, 2011",4
"Fri Dec 14, 2012",17
"Wed Oct 31, 2012",7
"Wed Jul 13, 2011",16
"Mon Sep 01, 2014",59
"Sat Jun 14, 2014",37
"Mon Nov 23, 2009",3
"Wed Jan 27, 2010",1
"Tue Apr 16, 2013",19
"Wed Apr 02, 2008",1
"Tue Jul 17, 2012",11
"Thu Apr 21, 2011",3
"Fri Jun 26, 2015",1529
"Wed Jun 09, 2010",10
"Sun Feb 03, 2013",11
"Sun Feb 06, 2011",2
"Fri Jun 04, 2010",49
"Wed Jul 08, 2009",3
"Tue Mar 16, 2010",1
"Sun Oct 16, 2011",3
"Mon Mar 25, 2013",7
"Wed Sep 30, 2009",4
"Tue Dec 15, 2009",8
"Sat Jan 18, 2014",45
"Sun Dec 30, 2012",15
"Sat Sep 15, 2012",7
"Sun Feb 07, 2010",2
"Wed Jun 11, 2014",17
"Wed Mar 18, 2015",290
"Fri Dec 05, 2008",4
"Sun Jan 12, 2014",41
"Fri Jun 10, 2011",6
"Fri Jul 16, 2010",8
"Sun May 04, 2014",62
"Sun Feb 22, 2015",294
"Sat Sep 19, 2009",6
