hamid3360,0
alibaba1992,0
pendora.,0
GEEKiSM,4
congacon1,0
pendora1,1
Kyth,1
suzanb,1
MegamanX29,0
zaqs,0
mzainal,0
HD3D,192
mcmoore,0
zaved,29
MR.Blue Ray,4
Xperiment,1
nobita2811,0
nerov0lt,0
aleksandar122,2
xxxtreme_warez,0
ar$enaly,3
stphz,3
kolusberti,0
azcb,0
frank_hardy_1,11
mukeshkumarjat,7
macbid,3
0dayreleases,0
goliatroper,0
Danny432,0
***Sarabjit1991***,3
sun00922,0
gryffinhot,0
torrfriend,45
perrenial1,3
rowjas,1
tahirirfan,0
zecika,2
axman63,1
VLT,1
.g89,0
aigl,2
JWEE_,0
silver_coyote777,15
Arash88,1
TheNewGuy,1
rabbaoss_khan,0
hafiezz,0
bridget714,2
Utakata,0
geeklovenerds,9
ksmafia,0
raiyyan,17
kudoz,1
bola 2000,4
OverMask,5
drk,0
valdoo,0
yhunykx1986,0
nk2,18
lfc69,3
rwdfox,0
sumant1nov,1
Masimo,0
the_head,1
xfiles5,2
SABERWOLF,0
strike,0
shinto_cute,1
alinice321,0
GubrakZ,4
all4link,1
Mioni,24
Shaktimage,4
suffocater,18
MissyL,0
:.irfankasuri.:,0
titou25,0
LGatakan,1
Jinx89,0
.:Jamie:.,5
Don Kupinic,0
Scarz123456789,0
4T7,9
vfxden999,8
LMK,2
.vaLk.,29
Buccaneer,3
genieous12,1
chans1212,0
junaidaslam123,2
FaBoy,0
bigkajamma,26
nScorp,4
mssinclear,0
peki90,3
AnnArbor,0
vijukarr,1
kpo_41,0
Jalandr,1
M.A.Abbas,1
viturdim,0
wiggle99,6
FXZ,0
almanerviosa,0
Koenigsegg,9
Dragme,0
Brooks_Wilder,0
Xl Horror Xl,0
w2a,0
madushanka92,0
horen,0
jasonangel,9
YungPak718,0
vidareal,0
WrzTeam,0
76884,0
ogrl3,0
aziztaher_ali,66
iShagg,0
hatem20,1
amrod69,0
tkutta56,0
camillesexy66,5
LoveHit,4
thalemding456,0
SeeingMole,1
butay056,0
heart_tracker,0
Nono Ono,0
LordKJ,1
blazejrybnik89,0
N@UgHtY.,0
Ralf1022,2
VsEriEs,20
hotheton,8
The_BlacK_MOON,5
refat13,0
LxPower,2
irani1,9
skylarkavenger,0
pavuky,3
shreyash511,0
jagsbond,3
fethuoclak123,1
filebb,0
manu4u4ever,23
.: F A S T E R :.,6
Madball74,0
AcC3Ss,0
MASK ^_^ MAN,0
3DStuff,44
ErrorL0g,4
SHULiBAN,509
.Hancock,1
DDLForce,7
Uub,0
apiton,1
sharryhundal,0
.hc,3
Darmycom,7
arielcairo2,0
umardon,8
nakamychy,1
Poison1vy,0
umut,0
sveznadar_7777,0
Drakenhoffer90,1
isolt,8
Marderus,0
sprig,4
noor7us,5
on2track2,0
carlos.abr,0
sabeesa,1
hudna6,1
tokenman,1
cekicen,0
CyberBB1,0
alde69,0
Forcefire_2009,1
nofearfcp,0
Unlimite,10
Filmko,0
moaeadC,2
Greenlitsky,4
noam_7,7
sabastian130,0
Soniq,1
woodin11,1
moulefriite,0
undorre31,6
tom_riddle,6
xGreatx,0
makeman,1
BBspider,30
zizitenk,0
marios22,3
Shnaks,0
dejawuu,9
Leviatã,0
HotGirls,4
ratpack,7
dj_pustak,23
lacho15,2
marcos32,22
.::Devil::.,1
aqeelz,14
*IMAGINE*,0
K0nK0nK4n,1
FreeDoom,0
jackiechanmnm,0
Divesh94,24
jackdaripper,1
sajid4u4,0
Epichomie,1
punkyspunky,16
google35,47
nenadx,1
Caddilac,0
champidobai,7
iftikhar206,4
..Night..,0
lord vicious,0
rockyjohny,4
.1Link,4
michaelfree,6
greenleaf123,3
PrestinG,0
rhinoboy,0
[I am AWESOME],1
ClosetMonkey,1
moonkh,0
ahly2010,11
sweetpaki,4
afandiadib,0
LukeFabre,1
cleandryair,3
Rzvi,2
GerianG,0
mandeep145,0
KimberlysEyes,0
H U G G I E Z#,0
neoftp01,1
stanza,0
goodaperson34,0
francofrantic,40
ogimima,0
ar3_returns,1
Mr.MindfReak,0
full_120,0
Donnie Yen,0
mhbeaver,0
Konacno Bre,1
micro.MKV,41
marpycoco,0
Isfou77,0
ikosa,1
univerzalac,1
tayaxiig,5
spayder,1
lukas1794,0
rsheria,2
zacr102,0
stahinjic ban,1
Prinks1,11
V2CPT,0
Cyberfriiq,0
Telly4yEo,1
rainy19,0
HPHD.,13
uinneit,0
klati2,0
Zoks :D,76
maddy1412,0
Sartre,1
Solitary1909,6
m0min5_,1
M_F_T,2
devilsnare,1
@zero,0
Jcb526,0
JonPinto,2
payymon,0
yelv�k,1
garmi4556,3
kenongxs,0
Sudosu,0
lemonzoo,0
aliarham37,0
AlexXxuTzZu,4
5tuntun,1
sturdycracker,0
arka123,25
avro.bd,0
irproud,4
StonyHeart,3
baRd9,4
HPHD,51
ertrush,0
kennyjam17,11
M3DIAFIR3LAB,0
Flypers,0
E.M.,3
inbrightestday,0
2421,4
stefanlecko11,0
zodyak2,0
| BETA |,55
chesrez,0
ironman55,0
VooDoo,0
delboy221986,12
Abdhw,0
raime1978,5
DLFX,0
d'Alembert,3
.DOCX,0
Ethos,1
modyeltohamy484,0
catman919,10
edump,1
vvikkass,2
kalpak2021,66
PlugThePig,0
musm4,0
Drmerfull,4
RobertoWarez,2
BoucherFMV,1
mster8,2
ironmankho,0
Spyt,1
GhOsT^,0
voyager1908,0
Mamba25,1
bartmal,0
aneishababy,30
HiLo!,0
blueshadow2911,0
Todd23,1
shrizwan,6
princedm,0
dubzx,0
Rocky9,1
tempacc001,0
se7en77,0
STD16,0
Carm@gedon,0
robinchwan,0
jonesp123,0
Czekanista,1
torrenter,0
koraysoner,7
swimdude,2
stefano09051988,0
iAmMaximus,205
lolitosfb,0
Boss,8
dansmamma,0
ftcc,4
c0red.rip,3
pierwszy,0
WarezHouse,2
keith1569,2
strikan,30
rapidols,0
.Scouse,0
misanphan,0
F37,1
popopio,5
d3m0n0,0
wahirua,0
tanner6565,0
Niko319,28
flaflatw,2
midgo,14
lepunk,0
Shaki NR 1,0
indium,10
Lorenco.,3
volkanix,3
siotla,0
RELEASE:GOD,0
lcee,9
NFS2000,0
maxellpraveen,1
aftms,10
qwertzOr,0
kris20,1
criminal141617,0
wyatt1967,0
enterprise1,0
sojao,0
Junaid92530,0
liabra,0
KinG_RippeR,99
bleackened,0
nevaeh,1
kevinbfc,0
waleed123,4
dahwarez,1
zia019,5
Mr.PM,21
totulmoka,1
paulman,0
rajuchacha,2
dadden66,15
tanematic,2
tanxihao,0
LancelotX,0
colourcool,0
lingaringa,0
clianers,0
Obamm4,9
knolan_gluth,0
jack88will,0
dlportal,0
ramboromeo1234,0
eurofighter19,1
cinephile1,11
Kingfan,0
Bergeron,6
newbramj,0
|HITMAN|,0
wbuphet,0
stanoye,0
shiba123123123,1
bek4ever7,1
Red Premium,20
FUTURiTY,11
hus01,0
clavier2008,0
fishmark285,0
synstar,1
bharg123,0
Haplo12345,46
kaminas,0
gfxfree,0
pagolni,3
Dichzla,0
Kreas96,6
c1nn@m0n,20
s@ntana,1
cheefwaqas,2
m1cr01,1
supernoodles,2
thebillie,4
kapil_ajmera,3
AcidBurn87,48
lsbham,0
Jimmy_smart83,4
esrom02,2
Corpse_Grindersson,0
ev33,68
shman.shman,66
boyriot,349
pannaSD,4
GhostBe,25
bigartie,5
Schizophrenic_x,4
games_hunts,2
ntom,1
bunina,0
ATTIADONA,2
.:TorrentZ:.,0
jpeps,1
swsw122,0
ELJOPIO,7
neophitesup,3
Thunderfly,1
Megashares.,0
tomislav2634,0
SeXile,365
Mr.Traveler,2
Tsunam1337,0
nKim,5
lyf_me,13
lupinsgirl,306
JAKS99,3
lookingcoo_l,2
An54,0
XiRT4M,0
Bad Seed,2
H3112pay,0
white_snake,6
qwerzz,16
suadnovic,0
vncpatrix,2
mauricio2050,0
kingpong,3
marson,3
SaliPDG,1
udsrec,0
92michal92,6
soyotoyapex,0
hellagent75,11
dudrif,4
damirex,1
maligrizebeton,3
omid4041,0
Amelijaaa,15
r3order,7
wakefield,15
promdi,7
vojin123,2
MyMovies19,1
public_html,0
goliath421,4
Baltyshark87,0
moviematic,0
mo,0
sathish138,41
Kimosabe,2
dgnrulz,0
bangungot,1
Fantasy_artist,3
KingOnSlaught,18
sknandy11,0
sheikhchilli,1
VojtaCZ,0
sbwrz,0
Darker81,6
Chikinhri,5
Mel_Luvz_Anime,0
Yeassir,1
flwlessfrombirth,2
sam16roy,0
lpass,6
4ways,2
:USM:,0
Naughtydevilz,0
jkflash1964,0
repoman.cms,2
LeviathanW,0
pipstanford,1
Help.Me,2
reune,0
amelf,9
unclejaksan,0
chicony,0
MokhtarBenAyed,0
TroicI,1
dudugames07,99
bigporn,0
javadth,4
quadrixx,24
legba74,9
~I am AWESOME~,0
kailester,0
GhosT1212,0
Ladli.Muni,3
sakb,0
.:Djlatino:.,9
dantedevil99,1
ellen_dj123,0
Vamp!re,0
ricchaard,4
wolf1912,1
vpather,8
bobbysingh,0
EpicW,2
xzxaxrx,4
Leq®,0
tejas.rollin,3
HARRONASGAR,7
smileba,3
stallone2008,0
Unknown13,0
freecbc3,8
gustav007,2
enterkhan,0
iloveferb,0
out.look1,0
kingman_90,1
WILLETT13,7
ravij08,5
Drhank,1
Postarbhai,3
garykewl,0
smrki,16
aeckz,0
quain88,4
Dodgy77,2
NA01,5
alisean87,0
nima_sin,1
Viper3773,1
WaReZ_ZuP,2
qwer200510,0
Daangi,4
_Dorukhan_,1
james5454,1
Stephan1,0
fullbaster,2
belwin,0
^^GoRiLLaZ^^,2
.::DJ::.,2
atay,1
|love_hacker|,1
tuanq82,0
emeien_13,0
molchun,2
metehan777,0
qualanelt,1
devilmaycry013,1
zbaq,5
hs97,0
dkingalon,3
axells,4
velocidade,0
@GENT,0
BuYcKi,2
northampton,3
nzindiboy,15
todayfile,3
berreta22,0
stevieboy191,622
The_Movie_Man1,0
gonaPai,1
dontspeak,12
ronaldo2041990,2
maxiimum,0
Uzair Umer,4
__julian,3
ID4L,2
trex9810,43
downzwarez,1
gorilaz,1
chuckyp99,3
Share_4all,0
Seraf,38
nana1200,4
loopinmind,1
wliia4,1
dukeblue,0
Smarti11,0
_zer0_,2
sajidbaba,0
A.H.T.,0
markolopolos1,2
fileshare,1
anubora,3
Zizitopas,0
iase,0
w.deadloads,2
aswere83,0
neghina,0
sunflower5,0
Artemis Fowl II,2
zm4u,9
bradleyULDer,0
GOURMET,1
sexisash,1
frank_jonath,0
MKU.Deathstroke,0
hackwar,51
Ragh7,0
niedzielan360,3
Dcfan23,6
silent_wind,0
UnrAreA,0
SeverNaya,0
humble3d,0
RemoEVA01,0
krazeek,5
wareztestbd,0
ZUBiK,8
n00bf0rc3,3
Madness.hunt,5
Marusha,0
Badriprasad,9
||BaDshaH||,7
thesmx,0
Slapdragonx,0
BinariiAngel,6
BNA84,1
shadju,8
heliosmas,0
nwrz,3
ricotero29,0
Rmz Psy,9
khawajafarid,1
D3M0N69,0
XDeadmau5X,0
UNiCON,18
mediarls,0
.::MiRChI::.,11
unclef3st3r666,2
#NAME?,4
deviljinonline,3
Quicker,1
Casual69,2
popyflower,0
samanth,2
lolort,1
DaZeffa2010,2
Oyunfrm,0
SiMmER.,9
wondezt,0
TROMA,1
huapingzhou,0
kamal124,3
CrematorMan,12
oscillator666,4
EnzoLouis,0
atdeskcz2,0
psphunt,12
billabongct,0
BebeeBoo,3
sconeindy,0
ShAaNiG,118
kuss,1
pi0tr3k,0
kopacke,0
Bo Rock,8
pooyan2012(2),0
nino191d,0
leelsylsiae,0
alecssharpe,0
DJVideofan,0
hemuski,1
sridarshan23,31
PRADEEP77,0
eflatley00,0
apeka,0
Snikerzz,1
3tonyviet3,0
JsGroup,0
saeed1122,0
|1.Link|,1
sjk.sam,14
zixziko,5
darknessofworld,1
key3film,5
forwant,0
milansd88,0
clight77,1
quintas,48
firaki12345,13
RyoRen,18
bik123,4
MareP.F.C.,1
kenreaves,3
ether88,27
Nefar,0
ddogdan,0
sundarmobiles,0
Juniahh,13
Reen.,0
Oryad,2
moonsmile2009,1
PeeWee005,1
Charles.01,7
Annookk,0
.:MOdY:.,1
turbol,0
lprodrigues,1
dave811,0
ianto12,0
DuG.,0
harmony83,0
3,0
Achajr,3
eyeofodin,1
nero1989,1
darkside09,0
wbb_fan_1,0
rogue109,0
Ahmed Sadman,0
denata,1
SUPERSPEEDS,3
DuG`,0
leelsylsiae08,0
Duke Ardelis,0
pawli,1
moujabz,0
mobile_guru,0
Transgamingz WineX,0
mank,0
.: AliRezaas :.,1
Guest,7
mkb4228,0
nitrocrash,0
yuzuak_holding,3
CoffeeFile,0
szachtar,18
tbth_audio,19
hhhgame,2
idan_h,0
MyCuTiPaI,1
rawillkill,2
3XElitE,1
filwrz,0
nedjog5,11
moh3en,6
thedavid,0
s.saha420,2
MARBOT2012,1
#NO1#,80
gloda,2
asifkam1,0
desiguru,1
fenomen28,0
FreenaT2,0
satandemon,0
chrisrambo11507,0
maybank2u,1
LKROCKS,3
lovely1629,0
muhammadwaseem,0
jbird,3
pepsi86,0
TeamTDK@AF,0
kvikinko,2
hend1983,0
HEAVEN13TH,9
chrisjen24,0
pascalll,2
universematrix,0
DiVXFACTORY,0
Mystyczny,1
The Kung,4
thedossetup,32
dunkman,6
DaaD,14
Lawlessnq,0
DAttus2,0
alin18,0
genemnc,5
ripper_polop,2
pparadiso,0
falcon87,1
ridgere,0
dinomerino,0
biti0,0
Xhizers,2
ptcuye35,5
.:G A M E R:.,1
xrockonx,0
HDblockbuster,0
CP1832,0
anja_de,0
E V E R Y O N E,0
saatcham,0
readart013,0
Saving Abel,0
IAmMerciless,0
crazednuttyboy,1
shakir74,1
ki3456,3
klasseter,2
kurtzie,1
kit777,0
<sweeti>,2
lunaekCAPULA,0
mirrorseeder,0
johnsm2,0
bullrot492,0
Aurih,4
drhamaka,1
RIZWAN WAHLA,43
Ironman718,1
baby.sa,0
joeboricua,0
Obrien4,0
Andeko,3
.: RnR :.,3
p33no,15
Meera169,4
t3odor,0
xaxx,1
.:Tex.Mex:.,13
murdpower,0
bad_student,1
rahul2u_u,0
Dr Globil,0
NAVEENTHRICHY,0
neeraj907877,0
Namoadi,5
atik0786,0
warezfreak03,5
toxic_labs,1
Ludin,0
SheldoR xD,0
cr0x213,1
wyop,1
irfanafhan,0
tenzin.,0
Downloader123,40
inpryce,1
badgirl99,6
dumont,0
B3hr0z,0
Casper_2641,0
XXX22,1
Arth101,92
haqwarez,6
phantom_ass,8
share4u11,18
arnoldas852,0
ArminVBA,1
kmal123,1
dum@n,0
lionshelter,291
MrOhary,5
dewdy2k,0
zvonenie33,1
bymicro,2
keepnpeace,2
PrivyHacker,1
nemesis07,2
Latestdownload7,2
Z4rroc,1
xwmario,1
Mahaj,40
alih110,1
david_villa07,0
metallica1992,3
thor84,0
ngangas,12
tranquilito,5
milorisfair,0
Maron Down,0
crazyGamer44,1
XsX,0
singlewarez,0
mamun_1991,0
coadN,0
hhalem,6
yousif14,0
sunmenghao,133
DMasti,52
XeLeRoN,1
zlatkiller,0
.BoB.,2
naked_soul,262
adnan099,0
pinkpari,2
lilysopa,2
selambe,13
Mrrrr,0
@qqk@,4
damkal,0
urpapa,3
zei_na,0
hardcoder,15
netforsp,1
ranaking932,6
S J A,2
callz,1
clark1963,0
*NidaA1*,7
seriesnetload,6
PinoyW,0
NormanCruz,3
:i Am passiOn:,0
Crayzies,0
Wing44,1
dvdgame01,0
N4ughty,1
tun12,0
vahidwasp,6
timbalance,2
readart003,0
::Jeebus::,1
tugakiller2,0
foomanchu,2
Latest.R,2
duhalala,0
White Flag,49
ResumeLinks,0
Tanpanama7,0
Machar,1
indubitable,43
coolscorpiorohan,50
monkUsa,2
sinnamonwolf,2
cybernetic,1
muzzz007,0
rsapple,2
ulpo,0
Goodrifle,0
.aSn.,23
furqandvm,1
kwazar1981,0
t2,1
christiandeflores,1
daviedee,1
KinGRippeR,18
james818181,0
ASWNN666,4
Ganryu114455,0
highstar,0
TehOracle.,7
lrnetwork,0
K_WORLD01,0
dany25,0
insanity_666,1
@S,0
commannd1,0
ataquero,7
haib60,1
TSW,0
dars86,1
noutilus12,1
abc.abc,2
S H E R i F,29
Zahid online,2
wOrLD.pOw3R,0
dogburger,2
Kabanos85,7
Mr. BluRay,27
c'mon,0
movshare,0
waroth,0
arnoldkile21,3
Keili,0
Greeny1337,3
kavkiskey,0
shravanwadhwa,5
perst,8
IGM0937,1
sharp488,1
nikhil07,1
derpderpington,7
larkze,1
Unwritten_Law,11
Wirellell,47
azhushare,0
=COPKILLER=,1
shannon3,0
DeWe,0
IteM.SonG,0
mayangard,0
SUPERNATURAL,25
logie19,0
pawelsqn,0
antibiotica,1
SilentSpartan,10
Sir_robin,1
aayushagrawal90,8
chellam,2
al3xla,0
alashrafedu,1
tinkoni,59
E.B.K,0
ahid1234,0
4HDD,20
at368,0
keatonG,1
B W B P,0
JOƘER,6
audionic333,2
|HDmania|,3
Linux.BD,0
rememberit,0
duplesi,0
thenilblue,0
MetalUrge,0
smieszeczek,0
.:MaX:.,0
darkd666,0
ddagain,1
NewRls,0
davinci5156,2
jihad25,1
MacClassiK,14
mrbenjamin,0
Ichthyander,11
kotlt,5
napster26,0
derslived,1
afsos78,0
Rahul.69,1
Ebik2,1
Lara1408,0
pinio,0
jatin17,2
apple23,14
jack121,0
tojik345,0
Plava992,1
Gii1818,2
sergeyrod,4
pudch101,0
BabyGarnetgirl,0
webmate,1
fat_fighter,4
raku11292,0
warstar74,1
grubasek,4
Downloader2012,0
poncabird,0
galmuchet,5
Remejeus,1
donlio,0
BodMa,30
mutukk,0
Anonymut,1
milosmnn,0
KISHOREAPU,0
carmentipa,0
Gurana,11
Hitesh Patel,3
animekicker,8
K_NIGHT0115,2
fatahillah,1
HDC0OL,4
shkodra_hacker,2
goodgoodman,4
sa1901,1
wojtekgaca24,2
sameer007,3
rewari49,2
alikhan00007,0
Mungi,221
GreenDot,16
Gu3$t,0
Flaiho,3
HDBlaster,5
.Rolex,6
cOOlvin,34
Anorensic,0
baixefire,0
nvzgroup,0
dearasifkam,0
johno333,0
pablishto,0
underst33,0
xesshi,0
evapoison,8
KarLi,0
knightrider5,1
street star,2
|NewBie|,0
sontikumar,1
Tenday,0
ngaogiangho,4
repture,0
JNNy64,3
ctd87,1
visionx,13
tinutuva,20
Mr.Fordo,0
vkey,29
slyzeronsf,0
zinkoam,2
humingbird1,0
elena1973,0
mrsaba,1
iLLuTioN,4
pinkside,1
SarangMovie,0
plomien86,0
egg64,11
girlusa3x,0
toritori,1
hnos97,7
mkvtony,6
Elnaz,12
yesobamaa,0
Famous8Inches,1
normandy88,0
blahblah72,0
bhGtYgt,0
shahpar,5
Janissery,1
Gob,37
aptechfsd,0
kenchien,17
CoolAsIce.,1
jobbet919,5
mediabucks,0
pat_1uk,1
revelax,0
Druid,4
justfourmedeeva,2
drtrucker,1
W3st_Wind,1
Anti.mage,6
kalimali,40
whitepanda,1
golemsonbi1,0
sakbtahir,0
majster168,2
cleas,2
excopbecks,0
MedRd,76
..::  arYzs ::.,6
shiva.om,9
yurizone02,1
redcupXD,0
johnnygt,1
adhilegend,3
WOIM,0
erick05,0
taeoice,0
@mico,4
avRoo,3
Si7mL,4
Slicer42,0
khurramshezi,0
ckBark,0
cronjob2000,1
leecher5000,1
cccbycox,0
timoti84,0
Yohan...,2
akuma1983,0
marcoacero,0
klilogla,0
whomeis,0
BASiQ,0
ugabugapyly,0
|monarch|,0
silverwoft,1
freekers,0
DeArDeViL,0
*Eaven,5
Moodik,0
mugen2k,11
dosanti,4
Azurenus,6
horrmet,2
nCODE,416
GunzNRoses,0
Rapidwarez4u,0
uplodu,1
rani44,3
#the Hunter#,0
ahly1751,1
xbadboyx,0
buleyb,6
nexus_prime,0
sabrina13,3
RIGILKENTARUS,0
Jaysonn.,0
Tobacco Road,14
Lenerdosy,1
ArNET,1
starchrist,0
WarTaipan,5
AquariusPL,0
zimzam,0
crazymafia,1
PiskopatYazar,2
Contaminator,4
aadott,0
tAALz,8
~BiRdMaN~,1
greatchi,1
limpwaster,2
agent bartowski,14
marinapari,0
selinag,1
mikec,2
ProUploader1988,0
Winchester999,0
ketupal100,0
stillrock,0
cinemania286,0
ytmf1981,2
romzon420,3
kingofnorthyork,0
matsada,0
|Leader|,198
tatootian,2
elektronik,2
EncodeKing,27
thewindowsfreak,0
xNynx,6
driventodespair,0
banedream,3
james_ant,0
enriqueksr,0
quoid9doc,1
school_bus,10
andino2,8
djalonso,2
PREDB,2
zai89,1
LED3,0
"][,o0k~",1
kimminh90,9
|BlUeRaY|,3
juules45,0
besttechnoblog,0
rafaqatkiani008,0
RLSARC,2
sandeepr,1
cowboyup910,2
KiNGPiSSER,0
Evil.Genius,0
GeniusNET,0
Freedom35,0
mexician,0
Pupusas2,1
ilovet,0
~Releasesking~,0
Lord Magneto,7
HDRipper,7
:I am AWESOME:,0
||HDMG||,9
mlam7,1
VoyagerAFS,1
legend10,1
lorisboris,0
cartoon80,0
mmoptusoft,4
raktivist,134
p3sh,0
m45h,1
junglistknot,1
sherlock92,0
gonlomas,7
metelci,0
nino89,0
Thetimetraveler7,0
navIVXX,1
brunooghe,0
e5lton,0
AllYouLike,17
Fony,1
DxGen,4
Dardann.,21
ljt,0
FTIGA,0
powaraj,1
SpotlandRules,6
FireLady,9
shully,0
toshibanana,11
RandomRidoy,0
zer07,17
marinobon,0
bdlegend,0
PrINCE v3,44
bidie,23
drakanua,0
tomerlingo,2
shantunisha,2
SinThink,3
shorebreak,327
rossc007,2
WaRez_Queen,0
zahidlove,0
KANE 123,3
Chlasio,0
n21115,4
VidaPirata,1
steveb2008,0
MarcosReborn,2
"Iam""A"" LEGEND",2
wuxia1911,4
NEETIN,0
okacore,2
daatam,1
zagor777,6
Ada1122,0
cober,0
zoobia,2
wherepiewhere,10
M3nth0R,88
paradox_asgard,4
ark69,0
avanzara,2
tehloxely,13
eLs�k,5
zed_m,9
s17_koelho,0
andere123,1
sachinmail12345,3
imchakwal,0
Mindsaver,1
antonesamy,11
shohel99,0
Bobero,0
Goaler,2
God Of Warez,0
k!113R,2
W4R3ZL0RD,1
Bush Pig,0
Th3DON,3
MLM.,0
sherbo,0
mahrsaleeem,0
yachie9,1
FuSiOn,6
.:Pari:.,0
Pr0uDy,0
waddaman,0
jaz657,39
azorrr,0
userx,1
upslash,3
juststeve,8
Netwolf_,1
destroyakanico,3
Alicia holmes,3
adeel.arslan,1
moccc,5
MrJonas12,0
monir,2
Garriso,6
strongpig,12
daavup,0
agallantgallant,0
charchabil88,4
S.A.A.D,7
Jorispyro,0
uploader230,0
kiljoe,2
batman09,0
Im0rtal,0
3P!TOM3,0
DarknQuiet,0
SenTeLLo,2
i20234,0
xasta07,0
Zoran_,0
gargamail,6
burgerkingman,0
wolf_eye,1
marixtian,0
ultrascorp,220
7123,35
BGST,12
Cloud_Shadow,4
wintendo,8
crystal_cylinder,2
ojosico_310,0
jakocu24,1
joaopebre,3
malik420,1
sree388,0
gotdev,0
Grover3,1
imkama,2
octoberim9,1
vietboi275,0
Mind Freak(PB),0
najama79,1
perkan�,11
sirithanan,1
MiLLi0n,0
Togama,1
kienpham,1
icemule1,2
PupaPowlo,0
moviesdir,3
pedrorios,0
bgrstaff3281,3
rg_kales,83
jjive,2
sourcherry,9
ceeker,1
.::RockeR::.,0
GoodPerson14,0
Hells Bells,1
ALone.boy,43
trwsxd,4
dd999d,1
dexster9,2
skylander,17
forgeton,0
irockfuru,18
panzdzisio,2
fallwew,0
JABicon,0
Excellence1,0
Beautiiii,3
valama,0
learn2earn,1
azmatbutt,0
D4rk DeMoN,3
oldboy3,0
flashjj,3
MicrotiK,0
bouzix,0
masterpal,0
streamwatchers,0
vegetajgd,0
Elico_A,0
upload3er,0
klein87,0
Vipers Nest,11
andrilla,2
tusharbakaya,13
#3|\/|4#i4,2
buloolz,6
akshay187,0
wankanobe,7
Vamp,21
usbuzzer,15
revenger123,0
djcostas,0
sgdez,0
UniMaTE,0
MrAssassin,0
wangshiqun,0
reda240,14
JKBKJAS,4
KFP,3
lovver2,7
direct_only,0
FilmaX,0
c00lsud1,30
arkudas,0
cliker,0
Mosaico,1
Tompost,8
bane1212,5
Catlady,3
bestrelease,0
GuruAlive,9
maas1989,0
enjoi_9,0
:Ess aaYY:,1
sakliadam,0
Dark.Happy,1
bochi,0
matisse,2
Panda Dude,1
miloi,4
Rockinevil,3
zerk1,1
scrOllOck,8
aayanjaved,2
kan_yan,8
mrmovie1983,0
spurpose35,0
appsstar,5
theseus,6
alsabet,1
oodie,0
gfxturko,0
seafarer,2
halflife,5
troyhs,0
coldmindzero,0
fleszer,2
vegit,0
dhukhun,0
traxxo,0
atulsawant,0
ScreamOutLoud,0
Regolas,0
EnlishBabu,6
Dzash,21
Guss68,9
cryptlord,0
luckyvn89,0
siliconguide,1
Typhoon009,0
h1tm4n,3
Monster.Xbox,12
blackiswhite,27
lovelea,0
momosclan,0
|PR0LiNK|,92
aadat293,0
Inica,19
FB69,0
johnnyshatin123,11
de crust,2
DragnZ,20
kire_koste,1
shakeer01,0
phoenix_dude,0
BAYER3535,0
naeemchap,20
dr.slum[P],1
mad max77,0
tetburia,0
amadamad1,0
myhat001,0
enixidfrag,10
Texas Homie,12
CrOwN.,14
Sponding,0
tom37,0
ilikesoft,17
sbbaiy,15
KZEE,1
djayz,0
HopefulRomantic,1
akira_kurosawa,0
|ShieldsectoR|,1
Stevepax,0
wheels2go,10
azhurecore,1
Amiche,0
TimmiiG,2
sri_baginda03,11
pinkhat003,3
DvD2x,0
sharingxxx,0
narciXD,0
pMXviD,226
smarties2k,1
liadokia,1
amarshall117,3
Casper,3
shaheen.khapk,2
since111,2
sequelae,1
SREEPULARI,1
sipes760,5
pagar�ka,0
YOU44,5
sebastian.atb,2
freddy m,5
szajtek,2
gyrospaz,0
hmshabir,0
hum@n,0
tingalvin,1
KALI12,0
movee08,22
pitininja,0
Lellly,0
mmachota,0
CARkeyODDly,3
MINUSBLINDFOLD,0
schiesstomi,0
bluffmaster12pm,38
SaNcHeZ.CZ,1
retribution1887,1
loxfrdi,0
Bell@,9
MobyMaster,3
ksysiu18,7
rpgragexp,0
stefletch123,0
ariobarzan2,0
OldOldschool,2
BUC2010,2
ugrpau,0
AminFaris,0
voodoomagic,1
tarawinder,27
lowveles,0
wasifmajeed,1
m_myers,1
kissme1,1
Intensity,1
voltirbisop,3
Craf9,1
ulinsky!,738
Sting2324,1
Robyfly,2
kingtggdn,0
shubhamj598,1
cook942,51
vinok2,0
w0J,2
100%makedonec,1
kamzaf,0
chogerbe,0
RavekCN,0
Fbka,0
Ratheesh619,0
blue_154,2
Gkhan.,3
horne93,0
BorlijA,209
cashidmark285,0
blueybaby,0
chootadon01,0
btflo,0
LastLight,0
FARCRY.,0
Captain_007,1
blink431,2
vmshare,3
pucado,3
komblandi,5
xandor,0
God919,4
alibaboolal,1
volimsir,4
OzzYQD,0
sweetKid,0
KiAllL,0
Inder007,0
|ClickMe|,4
segista,0
1ClickDownload,0
lalmiavai,0
Borussia_Dortmund,10
odnarb777,8
baxterd,0
invisior,17
mp3chataka,0
don3000,0
scarlettjoha,0
elextaciador,3
toxicweasel,0
freshdown,0
rashoo,3
Singham,2
SnakeEyes,2
chilifactor,0
IllRosi,1
decter,7
eyesonlyuploads,0
toonstar,0
meesles,24
tikb0y13,18
DtPower,0
Danniboi22,39
Upload3r,2
diamond00,65
bloodmage478,0
rflxn143,0
#Major#,1
***Rocks***,23
mert_1047,0
A r f a r s H,616
kbat69,27
MeNe,0
webenor,0
fox5,5
Dr.Mouse,5
kapakli,2
tetovarja,0
BLizZ407,360
ilybe8,2
MasatoEM,0
hdpiracy,0
nobleman123,1
AyserJubair,9
Rippingking,1
hornoplenty,0
katerina+giorgos,3
Bombernfc,7
Giovanni.bj,3
downiran,4
a11mir,0
ashlecol523,8
demonicserver,7
kangur,0
myta,5
briann_cs,2
trumita,4
vicky_poster001,1
RockerOf'87,2
bedazzled81,0
dhruva91dec,0
sealteam113,0
Zaraky2008,155
openmedia,0
llHoov,1
dhoodle,1
::ALEX::,0
bestbadri,1
poulzipp,2
fm157,5
b7ri,4
czako93,0
startddl,1
XiZoN,1
wrigley26,26
cuddles227,0
leegt,45
sbil,0
ButanoicAcid,0
youwarez123,1
redstaing,0
radioguy46,1
Eugine,3
Proghunter,0
Mr.Per,2
roop93,0
[ RKJ ],3
astrochart,1
ganterpv,8
boy_george,0
cyclon4004,2
mansheet,4
shoaibbabar1,7
DreamLost,0
1GunHaWK,0
JubeiMV,3
HeisenBerg.,11
tewje69,1
Bidabadi,5
ashkaaaan2,9
gomzy,1
Matrix4u,1
kotlt1,1
ExisZ,3
scenewhite,1
n3sl,5
Eliyas.,0
sqazzer,2
Suwadith,1
theddlera,2
furqanali332,0
atoi_37,7
kmo_9000,1
shabbeerbaba,0
.: SallyAnn :.,9
DiViSi0N,7
sandha,0
GreyPaws,0
alshairi,0
us72969,0
DGN_RULZ,0
Aw3s0meness,0
ptu_cb1990,1
h4s3eb,0
sahilshah1987,2
adxx,0
mehdi22,217
Like,1
djaa2807,7
SherifDown,1
bernard_bnt,15
Ssadman,19
darkdammit,4
Tzilka,0
jom2pay,0
olrac,1
mx120985,0
.: fOOt :.,28
SHAHARYAR,0
ilcantar,3
midlaaa,0
maliksaifo,2
myself180,2
zam_dry,2
d2hh,0
derplulz,4
sahil 00150,1
DVB4IR,0
