hamid3360,57
alibaba1992,90
pendora.,90
GEEKiSM,112
congacon1,137
pendora1,162
Kyth,57
suzanb,146
MegamanX29,71
zaqs,80
mzainal,27
HD3D,7835
mcmoore,86
zaved,2073
MR.Blue Ray,840
Xperiment,114
nobita2811,133
nerov0lt,173
aleksandar122,173
xxxtreme_warez,39
ar$enaly,342
stphz,128
kolusberti,70
azcb,41
frank_hardy_1,845
mukeshkumarjat,257
macbid,217
0dayreleases,76
goliatroper,170
Danny432,56
***Sarabjit1991***,242
sun00922,83
gryffinhot,77
torrfriend,1969
perrenial1,282
rowjas,278
tahirirfan,54
zecika,124
axman63,81
VLT,215
.g89,309
aigl,184
JWEE_,175
silver_coyote777,940
Arash88,172
TheNewGuy,129
rabbaoss_khan,131
hafiezz,47
bridget714,341
Utakata,80
geeklovenerds,442
ksmafia,24
raiyyan,667
kudoz,161
bola 2000,182
OverMask,392
drk,94
valdoo,65
yhunykx1986,71
nk2,882
lfc69,151
rwdfox,77
sumant1nov,225
Masimo,59
the_head,73
xfiles5,494
SABERWOLF,155
strike,48
shinto_cute,418
alinice321,111
GubrakZ,408
all4link,151
Mioni,1750
Shaktimage,253
suffocater,226
MissyL,47
:.irfankasuri.:,22
titou25,67
LGatakan,185
Jinx89,103
.:Jamie:.,606
Don Kupinic,71
Scarz123456789,95
4T7,848
vfxden999,497
LMK,548
.vaLk.,2024
Buccaneer,360
genieous12,174
chans1212,157
junaidaslam123,150
FaBoy,42
bigkajamma,1457
nScorp,274
mssinclear,27
peki90,395
AnnArbor,30
vijukarr,151
kpo_41,56
Jalandr,153
M.A.Abbas,155
viturdim,154
wiggle99,299
FXZ,70
almanerviosa,31
Koenigsegg,743
Dragme,38
Brooks_Wilder,45
Xl Horror Xl,55
w2a,56
madushanka92,48
horen,22
jasonangel,512
YungPak718,97
vidareal,98
WrzTeam,56
76884,114
ogrl3,42
aziztaher_ali,4330
iShagg,50
hatem20,89
amrod69,63
tkutta56,117
camillesexy66,295
LoveHit,273
thalemding456,56
SeeingMole,219
butay056,169
heart_tracker,58
Nono Ono,25
LordKJ,131
blazejrybnik89,17
N@UgHtY.,45
Ralf1022,261
VsEriEs,976
hotheton,361
The_BlacK_MOON,314
refat13,100
LxPower,207
irani1,493
skylarkavenger,81
pavuky,379
shreyash511,112
jagsbond,440
fethuoclak123,260
filebb,58
manu4u4ever,1170
.: F A S T E R :.,370
Madball74,93
AcC3Ss,217
MASK ^_^ MAN,59
3DStuff,1056
ErrorL0g,431
SHULiBAN,19959
.Hancock,210
DDLForce,501
Uub,107
apiton,168
sharryhundal,96
.hc,394
Darmycom,298
arielcairo2,45
umardon,372
nakamychy,105
Poison1vy,56
umut,45
sveznadar_7777,64
Drakenhoffer90,440
isolt,417
Marderus,73
sprig,284
noor7us,295
on2track2,68
carlos.abr,43
sabeesa,151
hudna6,131
tokenman,158
cekicen,80
CyberBB1,60
alde69,69
Forcefire_2009,79
nofearfcp,66
Unlimite,527
Filmko,48
moaeadC,140
Greenlitsky,270
noam_7,870
sabastian130,56
Soniq,272
woodin11,132
moulefriite,66
undorre31,334
tom_riddle,357
xGreatx,77
makeman,140
BBspider,4223
zizitenk,118
marios22,185
Shnaks,75
dejawuu,683
Leviatã,30
HotGirls,316
ratpack,848
dj_pustak,1807
lacho15,252
marcos32,396
.::Devil::.,114
aqeelz,2084
*IMAGINE*,64
K0nK0nK4n,112
FreeDoom,63
jackiechanmnm,66
Divesh94,1452
jackdaripper,245
sajid4u4,56
Epichomie,113
punkyspunky,856
google35,2525
nenadx,143
Caddilac,103
champidobai,459
iftikhar206,439
..Night..,73
lord vicious,77
rockyjohny,339
.1Link,173
michaelfree,399
greenleaf123,251
PrestinG,49
rhinoboy,35
[I am AWESOME],167
ClosetMonkey,88
moonkh,179
ahly2010,600
sweetpaki,238
afandiadib,134
LukeFabre,113
cleandryair,307
Rzvi,437
GerianG,112
mandeep145,30
KimberlysEyes,43
H U G G I E Z#,92
neoftp01,69
stanza,183
goodaperson34,32
francofrantic,2179
ogimima,102
ar3_returns,265
Mr.MindfReak,41
full_120,47
Donnie Yen,81
mhbeaver,88
Konacno Bre,90
micro.MKV,2271
marpycoco,79
Isfou77,99
ikosa,518
univerzalac,120
tayaxiig,465
spayder,204
lukas1794,75
rsheria,188
zacr102,35
stahinjic ban,108
Prinks1,656
V2CPT,108
Cyberfriiq,58
Telly4yEo,90
rainy19,64
HPHD.,607
uinneit,44
klati2,70
Zoks :D,2561
maddy1412,42
Sartre,122
Solitary1909,1074
m0min5_,147
M_F_T,189
devilsnare,134
@zero,61
Jcb526,41
JonPinto,240
payymon,50
yelv�k,45
garmi4556,252
kenongxs,42
Sudosu,17
lemonzoo,37
aliarham37,37
AlexXxuTzZu,336
5tuntun,179
sturdycracker,63
arka123,1091
avro.bd,47
irproud,489
StonyHeart,294
baRd9,337
HPHD,2503
ertrush,230
kennyjam17,682
M3DIAFIR3LAB,127
Flypers,49
E.M.,324
inbrightestday,22
2421,306
stefanlecko11,32
zodyak2,33
| BETA |,2903
chesrez,53
ironman55,51
VooDoo,34
delboy221986,686
Abdhw,71
raime1978,301
DLFX,87
d'Alembert,398
.DOCX,66
Ethos,107
modyeltohamy484,46
catman919,362
edump,119
vvikkass,277
kalpak2021,3425
PlugThePig,54
musm4,54
Drmerfull,212
RobertoWarez,211
BoucherFMV,96
mster8,195
ironmankho,30
Spyt,74
GhOsT^,61
voyager1908,68
Mamba25,173
bartmal,31
aneishababy,1510
HiLo!,105
blueshadow2911,128
Todd23,54
shrizwan,418
princedm,152
dubzx,119
Rocky9,124
tempacc001,353
se7en77,48
STD16,93
Carm@gedon,139
robinchwan,72
jonesp123,42
Czekanista,79
torrenter,98
koraysoner,439
swimdude,170
stefano09051988,102
iAmMaximus,6735
lolitosfb,38
Boss,434
dansmamma,33
ftcc,232
c0red.rip,196
pierwszy,46
WarezHouse,251
keith1569,107
strikan,1400
rapidols,87
.Scouse,38
misanphan,193
F37,196
popopio,373
d3m0n0,32
wahirua,48
tanner6565,66
Niko319,1949
flaflatw,83
midgo,805
lepunk,58
Shaki NR 1,40
indium,339
Lorenco.,228
volkanix,250
siotla,20
RELEASE:GOD,36
lcee,899
NFS2000,55
maxellpraveen,190
aftms,676
qwertzOr,171
kris20,245
criminal141617,62
wyatt1967,57
enterprise1,160
sojao,33
Junaid92530,67
liabra,145
KinG_RippeR,5078
bleackened,131
nevaeh,227
kevinbfc,71
waleed123,893
dahwarez,131
zia019,492
Mr.PM,1050
totulmoka,178
paulman,28
rajuchacha,196
dadden66,851
tanematic,228
tanxihao,166
LancelotX,130
colourcool,26
lingaringa,114
clianers,35
Obamm4,658
knolan_gluth,274
jack88will,806
dlportal,80
ramboromeo1234,18
eurofighter19,204
cinephile1,477
Kingfan,84
Bergeron,669
newbramj,43
|HITMAN|,46
wbuphet,32
stanoye,59
shiba123123123,16
bek4ever7,159
Red Premium,1929
FUTURiTY,610
hus01,85
clavier2008,69
fishmark285,50
synstar,261
bharg123,103
Haplo12345,2623
kaminas,69
gfxfree,70
pagolni,251
Dichzla,80
Kreas96,283
c1nn@m0n,1073
s@ntana,115
cheefwaqas,75
m1cr01,73
supernoodles,180
thebillie,257
kapil_ajmera,436
AcidBurn87,2380
lsbham,70
Jimmy_smart83,1010
esrom02,264
Corpse_Grindersson,102
ev33,3186
shman.shman,4635
boyriot,22570
pannaSD,363
GhostBe,825
bigartie,393
Schizophrenic_x,93
games_hunts,198
ntom,406
bunina,348
ATTIADONA,237
.:TorrentZ:.,83
jpeps,135
swsw122,79
ELJOPIO,301
neophitesup,337
Thunderfly,124
Megashares.,129
tomislav2634,90
SeXile,30149
Mr.Traveler,310
Tsunam1337,55
nKim,138
lyf_me,1215
lupinsgirl,15492
JAKS99,190
lookingcoo_l,252
An54,74
XiRT4M,83
Bad Seed,119
H3112pay,97
white_snake,403
qwerzz,602
suadnovic,82
vncpatrix,312
mauricio2050,88
kingpong,405
marson,114
SaliPDG,112
udsrec,39
92michal92,489
soyotoyapex,94
hellagent75,594
dudrif,401
damirex,144
maligrizebeton,121
omid4041,30
Amelijaaa,860
r3order,377
wakefield,665
promdi,381
vojin123,204
MyMovies19,44
public_html,33
goliath421,291
Baltyshark87,417
moviematic,23
mo,110
sathish138,2163
Kimosabe,179
dgnrulz,49
bangungot,114
Fantasy_artist,318
KingOnSlaught,1165
sknandy11,21
sheikhchilli,40
VojtaCZ,27
sbwrz,129
Darker81,327
Chikinhri,210
Mel_Luvz_Anime,109
Yeassir,86
flwlessfrombirth,209
sam16roy,24
lpass,355
4ways,146
:USM:,22
Naughtydevilz,65
jkflash1964,177
repoman.cms,566
LeviathanW,113
pipstanford,134
Help.Me,202
reune,229
amelf,642
unclejaksan,68
chicony,49
MokhtarBenAyed,31
TroicI,206
dudugames07,5003
bigporn,27
javadth,371
quadrixx,1286
legba74,313
~I am AWESOME~,110
kailester,29
GhosT1212,61
Ladli.Muni,181
sakb,58
.:Djlatino:.,383
dantedevil99,79
ellen_dj123,83
Vamp!re,121
ricchaard,192
wolf1912,118
vpather,629
bobbysingh,294
EpicW,110
xzxaxrx,484
Leq®,98
tejas.rollin,236
HARRONASGAR,286
smileba,146
stallone2008,31
Unknown13,53
freecbc3,397
gustav007,287
enterkhan,65
iloveferb,34
out.look1,90
kingman_90,121
WILLETT13,456
ravij08,1017
Drhank,234
Postarbhai,221
garykewl,84
smrki,850
aeckz,125
quain88,271
Dodgy77,207
NA01,227
alisean87,58
nima_sin,83
Viper3773,137
WaReZ_ZuP,157
qwer200510,73
Daangi,375
_Dorukhan_,159
james5454,90
Stephan1,53
fullbaster,279
belwin,57
^^GoRiLLaZ^^,155
.::DJ::.,206
atay,179
|love_hacker|,180
tuanq82,83
emeien_13,68
molchun,96
metehan777,93
qualanelt,183
devilmaycry013,178
zbaq,288
hs97,107
dkingalon,368
axells,259
velocidade,25
@GENT,313
BuYcKi,123
northampton,255
nzindiboy,451
todayfile,191
berreta22,151
stevieboy191,53467
The_Movie_Man1,76
gonaPai,148
dontspeak,1370
ronaldo2041990,115
maxiimum,45
Uzair Umer,329
__julian,290
ID4L,180
trex9810,2325
downzwarez,372
gorilaz,230
chuckyp99,133
Share_4all,171
Seraf,3004
nana1200,193
loopinmind,129
wliia4,134
dukeblue,76
Smarti11,76
_zer0_,218
sajidbaba,40
A.H.T.,69
markolopolos1,212
fileshare,99
anubora,218
Zizitopas,71
iase,65
w.deadloads,287
aswere83,250
neghina,103
sunflower5,281
Artemis Fowl II,174
zm4u,762
bradleyULDer,146
GOURMET,84
sexisash,120
frank_jonath,159
MKU.Deathstroke,79
hackwar,3767
Ragh7,68
niedzielan360,309
Dcfan23,418
silent_wind,50
UnrAreA,28
SeverNaya,106
humble3d,58
RemoEVA01,69
krazeek,724
wareztestbd,200
ZUBiK,448
n00bf0rc3,330
Madness.hunt,341
Marusha,55
Badriprasad,715
||BaDshaH||,391
thesmx,57
Slapdragonx,100
BinariiAngel,358
BNA84,80
shadju,403
heliosmas,87
nwrz,375
ricotero29,121
Rmz Psy,570
khawajafarid,306
D3M0N69,53
XDeadmau5X,125
UNiCON,754
mediarls,47
.::MiRChI::.,915
unclef3st3r666,112
#NAME?,337
deviljinonline,317
Quicker,304
Casual69,171
popyflower,84
samanth,422
lolort,100
DaZeffa2010,288
Oyunfrm,436
SiMmER.,238
wondezt,197
TROMA,288
huapingzhou,68
kamal124,265
CrematorMan,470
oscillator666,216
EnzoLouis,133
atdeskcz2,53
psphunt,783
billabongct,59
BebeeBoo,264
sconeindy,30
ShAaNiG,5484
kuss,27
pi0tr3k,155
kopacke,105
Bo Rock,363
pooyan2012(2),66
nino191d,67
leelsylsiae,147
alecssharpe,27
DJVideofan,67
hemuski,104
sridarshan23,1722
PRADEEP77,98
eflatley00,73
apeka,34
Snikerzz,166
3tonyviet3,83
JsGroup,38
saeed1122,90
|1.Link|,138
sjk.sam,1219
zixziko,544
darknessofworld,103
key3film,232
forwant,213
milansd88,65
clight77,172
quintas,1961
firaki12345,1017
RyoRen,618
bik123,199
MareP.F.C.,196
kenreaves,258
ether88,1493
Nefar,16
ddogdan,138
sundarmobiles,127
Juniahh,862
Reen.,95
Oryad,175
moonsmile2009,121
PeeWee005,228
Charles.01,515
Annookk,160
.:MOdY:.,171
turbol,155
lprodrigues,175
dave811,62
ianto12,52
DuG.,148
harmony83,63
3,47
Achajr,217
eyeofodin,165
nero1989,420
darkside09,473
wbb_fan_1,84
rogue109,33
Ahmed Sadman,50
denata,35
SUPERSPEEDS,293
DuG`,51
leelsylsiae08,66
Duke Ardelis,154
pawli,144
moujabz,143
mobile_guru,124
Transgamingz WineX,69
mank,320
.: AliRezaas :.,102
Guest,436
mkb4228,140
nitrocrash,75
yuzuak_holding,359
CoffeeFile,41
szachtar,591
tbth_audio,3531
hhhgame,250
idan_h,81
MyCuTiPaI,178
rawillkill,289
3XElitE,162
filwrz,38
nedjog5,931
moh3en,234
thedavid,45
s.saha420,172
MARBOT2012,131
#NO1#,4133
gloda,341
asifkam1,60
desiguru,237
fenomen28,88
FreenaT2,142
satandemon,90
chrisrambo11507,40
maybank2u,320
LKROCKS,343
lovely1629,25
muhammadwaseem,38
jbird,248
pepsi86,229
TeamTDK@AF,273
kvikinko,397
hend1983,11
HEAVEN13TH,437
chrisjen24,90
pascalll,278
universematrix,166
DiVXFACTORY,39
Mystyczny,97
The Kung,365
thedossetup,954
dunkman,291
DaaD,504
Lawlessnq,34
DAttus2,48
alin18,49
genemnc,246
ripper_polop,200
pparadiso,34
falcon87,115
ridgere,40
dinomerino,64
biti0,106
Xhizers,188
ptcuye35,521
.:G A M E R:.,133
xrockonx,45
HDblockbuster,52
CP1832,83
anja_de,79
E V E R Y O N E,27
saatcham,78
readart013,119
Saving Abel,17
IAmMerciless,127
crazednuttyboy,105
shakir74,194
ki3456,290
klasseter,75
kurtzie,210
kit777,130
<sweeti>,200
lunaekCAPULA,49
mirrorseeder,81
johnsm2,38
bullrot492,92
Aurih,213
drhamaka,86
RIZWAN WAHLA,3226
Ironman718,389
baby.sa,308
joeboricua,26
Obrien4,42
Andeko,400
.: RnR :.,294
p33no,1083
Meera169,316
t3odor,27
xaxx,230
.:Tex.Mex:.,675
murdpower,50
bad_student,181
rahul2u_u,67
Dr Globil,55
NAVEENTHRICHY,84
neeraj907877,115
Namoadi,413
atik0786,106
warezfreak03,217
toxic_labs,92
Ludin,292
SheldoR xD,51
cr0x213,139
wyop,214
irfanafhan,111
tenzin.,38
Downloader123,1107
inpryce,87
badgirl99,545
dumont,135
B3hr0z,44
Casper_2641,41
XXX22,296
Arth101,1405
haqwarez,597
phantom_ass,469
share4u11,1007
arnoldas852,37
ArminVBA,145
kmal123,273
dum@n,128
lionshelter,9177
MrOhary,285
dewdy2k,41
zvonenie33,324
bymicro,300
keepnpeace,158
PrivyHacker,191
nemesis07,180
Latestdownload7,220
Z4rroc,204
xwmario,159
Mahaj,2309
alih110,285
david_villa07,67
metallica1992,148
thor84,45
ngangas,813
tranquilito,421
milorisfair,22
Maron Down,42
crazyGamer44,98
XsX,35
singlewarez,111
mamun_1991,116
coadN,57
hhalem,371
yousif14,65
sunmenghao,7191
DMasti,2821
XeLeRoN,149
zlatkiller,52
.BoB.,198
naked_soul,14575
adnan099,85
pinkpari,165
lilysopa,140
selambe,996
Mrrrr,25
@qqk@,326
damkal,194
urpapa,199
zei_na,23
hardcoder,580
netforsp,87
ranaking932,196
S J A,262
callz,68
clark1963,47
*NidaA1*,396
seriesnetload,521
PinoyW,120
NormanCruz,277
:i Am passiOn:,32
Crayzies,351
Wing44,250
dvdgame01,51
N4ughty,172
tun12,46
vahidwasp,941
timbalance,116
readart003,24
::Jeebus::,106
tugakiller2,130
foomanchu,237
Latest.R,206
duhalala,142
White Flag,2588
ResumeLinks,97
Tanpanama7,101
Machar,158
indubitable,1298
coolscorpiorohan,2961
monkUsa,151
sinnamonwolf,176
cybernetic,113
muzzz007,82
rsapple,266
ulpo,42
Goodrifle,158
.aSn.,1045
furqandvm,279
kwazar1981,21
t2,374
christiandeflores,63
daviedee,117
KinGRippeR,1345
james818181,58
ASWNN666,502
Ganryu114455,107
highstar,95
TehOracle.,476
lrnetwork,145
K_WORLD01,25
dany25,69
insanity_666,165
@S,150
commannd1,63
ataquero,359
haib60,156
TSW,62
dars86,289
noutilus12,172
abc.abc,342
S H E R i F,1381
Zahid online,571
wOrLD.pOw3R,44
dogburger,132
Kabanos85,457
Mr. BluRay,1296
c'mon,117
movshare,88
waroth,42
arnoldkile21,128
Keili,39
Greeny1337,265
kavkiskey,141
shravanwadhwa,324
perst,389
IGM0937,211
sharp488,301
nikhil07,126
derpderpington,301
larkze,235
Unwritten_Law,702
Wirellell,3843
azhushare,203
=COPKILLER=,85
shannon3,36
DeWe,102
IteM.SonG,36
mayangard,98
SUPERNATURAL,953
logie19,113
pawelsqn,44
antibiotica,146
SilentSpartan,1199
Sir_robin,149
aayushagrawal90,438
chellam,255
al3xla,94
alashrafedu,80
tinkoni,2540
E.B.K,155
ahid1234,143
4HDD,1349
at368,176
keatonG,154
B W B P,98
JOƘER,184
audionic333,270
|HDmania|,181
Linux.BD,43
rememberit,127
duplesi,114
thenilblue,68
MetalUrge,85
smieszeczek,85
.:MaX:.,205
darkd666,33
ddagain,134
NewRls,85
davinci5156,171
jihad25,154
MacClassiK,722
mrbenjamin,32
Ichthyander,731
kotlt,515
napster26,79
derslived,126
afsos78,353
Rahul.69,140
Ebik2,120
Lara1408,74
pinio,44
jatin17,171
apple23,812
jack121,69
tojik345,52
Plava992,163
Gii1818,238
sergeyrod,259
pudch101,38
BabyGarnetgirl,18
webmate,110
fat_fighter,271
raku11292,48
warstar74,51
grubasek,343
Downloader2012,57
poncabird,34
galmuchet,285
Remejeus,66
donlio,240
BodMa,1358
mutukk,61
Anonymut,97
milosmnn,44
KISHOREAPU,88
carmentipa,85
Gurana,934
Hitesh Patel,393
animekicker,448
K_NIGHT0115,274
fatahillah,47
HDC0OL,328
shkodra_hacker,140
goodgoodman,477
sa1901,163
wojtekgaca24,176
sameer007,295
rewari49,190
alikhan00007,38
Mungi,10040
GreenDot,1000
Gu3$t,40
Flaiho,540
HDBlaster,326
.Rolex,372
cOOlvin,1411
Anorensic,49
baixefire,46
nvzgroup,54
dearasifkam,33
johno333,52
pablishto,112
underst33,24
xesshi,178
evapoison,500
KarLi,103
knightrider5,69
street star,212
|NewBie|,43
sontikumar,276
Tenday,69
ngaogiangho,367
repture,68
JNNy64,223
ctd87,145
visionx,1207
tinutuva,810
Mr.Fordo,45
vkey,2276
slyzeronsf,88
zinkoam,188
humingbird1,57
elena1973,65
mrsaba,115
iLLuTioN,239
pinkside,71
SarangMovie,132
plomien86,105
egg64,933
girlusa3x,34
toritori,202
hnos97,421
mkvtony,386
Elnaz,889
yesobamaa,38
Famous8Inches,83
normandy88,95
blahblah72,134
bhGtYgt,103
shahpar,354
Janissery,153
Gob,2246
aptechfsd,107
kenchien,860
CoolAsIce.,240
jobbet919,290
mediabucks,112
pat_1uk,104
revelax,66
Druid,294
justfourmedeeva,157
drtrucker,205
W3st_Wind,98
Anti.mage,306
kalimali,1657
whitepanda,135
golemsonbi1,59
sakbtahir,33
majster168,248
cleas,199
excopbecks,171
MedRd,2098
..::  arYzs ::.,458
shiva.om,345
yurizone02,128
redcupXD,25
johnnygt,112
adhilegend,438
WOIM,70
erick05,120
taeoice,93
@mico,407
avRoo,274
Si7mL,282
Slicer42,54
khurramshezi,61
ckBark,32
cronjob2000,54
leecher5000,287
cccbycox,81
timoti84,172
Yohan...,203
akuma1983,182
marcoacero,113
klilogla,130
whomeis,43
BASiQ,88
ugabugapyly,175
|monarch|,173
silverwoft,126
freekers,71
DeArDeViL,126
*Eaven,274
Moodik,82
mugen2k,780
dosanti,150
Azurenus,391
horrmet,173
nCODE,19077
GunzNRoses,115
Rapidwarez4u,103
uplodu,122
rani44,195
#the Hunter#,79
ahly1751,171
xbadboyx,83
buleyb,256
nexus_prime,183
sabrina13,146
RIGILKENTARUS,168
Jaysonn.,200
Tobacco Road,834
Lenerdosy,299
ArNET,164
starchrist,77
WarTaipan,195
AquariusPL,103
zimzam,72
crazymafia,234
PiskopatYazar,258
Contaminator,240
aadott,106
tAALz,578
~BiRdMaN~,591
greatchi,102
limpwaster,343
agent bartowski,738
marinapari,80
selinag,180
mikec,171
ProUploader1988,33
Winchester999,49
ketupal100,214
stillrock,45
cinemania286,154
ytmf1981,131
romzon420,367
kingofnorthyork,275
matsada,166
|Leader|,6781
tatootian,323
elektronik,231
EncodeKing,1877
thewindowsfreak,185
xNynx,270
driventodespair,82
banedream,256
james_ant,49
enriqueksr,102
quoid9doc,111
school_bus,1373
andino2,589
djalonso,373
PREDB,372
zai89,237
LED3,48
"][,o0k~",37
kimminh90,294
|BlUeRaY|,336
juules45,40
besttechnoblog,13
rafaqatkiani008,62
RLSARC,204
sandeepr,247
cowboyup910,158
KiNGPiSSER,67
Evil.Genius,71
GeniusNET,34
Freedom35,51
mexician,30
Pupusas2,163
ilovet,110
~Releasesking~,85
Lord Magneto,719
HDRipper,430
:I am AWESOME:,155
||HDMG||,562
mlam7,156
VoyagerAFS,45
legend10,190
lorisboris,62
cartoon80,164
mmoptusoft,306
raktivist,19416
p3sh,142
m45h,213
junglistknot,274
sherlock92,96
gonlomas,279
metelci,90
nino89,71
Thetimetraveler7,75
navIVXX,76
brunooghe,78
e5lton,27
AllYouLike,812
Fony,142
DxGen,539
Dardann.,944
ljt,205
FTIGA,76
powaraj,121
SpotlandRules,396
FireLady,1061
shully,69
toshibanana,750
RandomRidoy,221
zer07,874
marinobon,156
bdlegend,44
PrINCE v3,1501
bidie,899
drakanua,120
tomerlingo,193
shantunisha,241
SinThink,217
shorebreak,12831
rossc007,150
WaRez_Queen,45
zahidlove,57
KANE 123,351
Chlasio,218
n21115,151
VidaPirata,144
steveb2008,75
MarcosReborn,236
"Iam""A"" LEGEND",179
wuxia1911,350
NEETIN,177
okacore,221
daatam,146
zagor777,589
Ada1122,88
cober,44
zoobia,143
wherepiewhere,438
M3nth0R,3231
paradox_asgard,248
ark69,135
avanzara,205
tehloxely,1945
eLs�k,286
zed_m,416
s17_koelho,32
andere123,145
sachinmail12345,332
imchakwal,31
Mindsaver,116
antonesamy,539
shohel99,47
Bobero,99
Goaler,121
God Of Warez,139
k!113R,235
W4R3ZL0RD,270
Bush Pig,31
Th3DON,243
MLM.,33
sherbo,60
mahrsaleeem,73
yachie9,182
FuSiOn,311
.:Pari:.,37
Pr0uDy,40
waddaman,117
jaz657,997
azorrr,73
userx,178
upslash,276
juststeve,730
Netwolf_,214
destroyakanico,874
Alicia holmes,183
adeel.arslan,89
moccc,245
MrJonas12,32
monir,191
Garriso,290
strongpig,731
daavup,53
agallantgallant,50
charchabil88,317
S.A.A.D,448
Jorispyro,47
uploader230,78
kiljoe,93
batman09,93
Im0rtal,73
3P!TOM3,270
DarknQuiet,64
SenTeLLo,246
i20234,77
xasta07,47
Zoran_,109
gargamail,525
burgerkingman,69
wolf_eye,135
marixtian,79
ultrascorp,12157
7123,1010
BGST,717
Cloud_Shadow,455
wintendo,189
crystal_cylinder,213
ojosico_310,40
jakocu24,127
joaopebre,224
malik420,72
sree388,110
gotdev,53
Grover3,67
imkama,216
octoberim9,179
vietboi275,40
Mind Freak(PB),85
najama79,336
perkan�,948
sirithanan,194
MiLLi0n,68
Togama,122
kienpham,208
icemule1,138
PupaPowlo,115
moviesdir,184
pedrorios,153
bgrstaff3281,292
rg_kales,8751
jjive,215
sourcherry,520
ceeker,167
.::RockeR::.,102
GoodPerson14,106
Hells Bells,143
ALone.boy,2146
trwsxd,197
dd999d,120
dexster9,83
skylander,937
forgeton,74
irockfuru,674
panzdzisio,181
fallwew,79
JABicon,37
Excellence1,89
Beautiiii,240
valama,180
learn2earn,179
azmatbutt,124
D4rk DeMoN,295
oldboy3,97
flashjj,90
MicrotiK,23
bouzix,129
masterpal,46
streamwatchers,21
vegetajgd,44
Elico_A,90
upload3er,43
klein87,68
Vipers Nest,605
andrilla,199
tusharbakaya,1569
#3|\/|4#i4,188
buloolz,425
akshay187,81
wankanobe,293
Vamp,4683
usbuzzer,483
revenger123,77
djcostas,210
sgdez,193
UniMaTE,73
MrAssassin,97
wangshiqun,56
reda240,928
JKBKJAS,290
KFP,137
lovver2,358
direct_only,51
FilmaX,118
c00lsud1,1359
arkudas,108
cliker,75
Mosaico,197
Tompost,789
bane1212,421
Catlady,192
bestrelease,65
GuruAlive,430
maas1989,208
enjoi_9,157
:Ess aaYY:,134
sakliadam,50
Dark.Happy,195
bochi,89
matisse,158
Panda Dude,188
miloi,105
Rockinevil,297
zerk1,276
scrOllOck,451
aayanjaved,330
kan_yan,369
mrmovie1983,75
spurpose35,66
appsstar,303
theseus,1049
alsabet,90
oodie,105
gfxturko,31
seafarer,587
halflife,518
troyhs,30
coldmindzero,64
fleszer,223
vegit,56
dhukhun,272
traxxo,31
atulsawant,103
ScreamOutLoud,51
Regolas,46
EnlishBabu,660
Dzash,1580
Guss68,529
cryptlord,69
luckyvn89,46
siliconguide,94
Typhoon009,233
h1tm4n,533
Monster.Xbox,458
blackiswhite,2006
lovelea,30
momosclan,79
|PR0LiNK|,3673
aadat293,28
Inica,883
FB69,62
johnnyshatin123,401
de crust,123
DragnZ,828
kire_koste,80
shakeer01,15
phoenix_dude,68
BAYER3535,130
naeemchap,867
dr.slum[P],182
mad max77,32
tetburia,59
amadamad1,41
myhat001,73
enixidfrag,709
Texas Homie,1222
CrOwN.,649
Sponding,105
tom37,64
ilikesoft,1178
sbbaiy,674
KZEE,269
djayz,65
HopefulRomantic,99
akira_kurosawa,60
|ShieldsectoR|,105
Stevepax,44
wheels2go,311
azhurecore,175
Amiche,37
TimmiiG,129
sri_baginda03,941
pinkhat003,291
DvD2x,97
sharingxxx,82
narciXD,57
pMXviD,8449
smarties2k,542
liadokia,148
amarshall117,140
Casper,333
shaheen.khapk,168
since111,250
sequelae,106
SREEPULARI,85
sipes760,143
pagar�ka,73
YOU44,442
sebastian.atb,154
freddy m,285
szajtek,214
gyrospaz,101
hmshabir,32
hum@n,140
tingalvin,144
KALI12,46
movee08,1325
pitininja,160
Lellly,524
mmachota,42
CARkeyODDly,206
MINUSBLINDFOLD,160
schiesstomi,107
bluffmaster12pm,1610
SaNcHeZ.CZ,239
retribution1887,154
loxfrdi,35
Bell@,371
MobyMaster,323
ksysiu18,482
rpgragexp,118
stefletch123,139
ariobarzan2,62
OldOldschool,247
BUC2010,266
ugrpau,200
AminFaris,34
voodoomagic,339
tarawinder,2285
lowveles,24
wasifmajeed,124
m_myers,87
kissme1,183
Intensity,83
voltirbisop,288
Craf9,83
ulinsky!,25096
Sting2324,278
Robyfly,233
kingtggdn,84
shubhamj598,79
cook942,2263
vinok2,314
w0J,382
100%makedonec,101
kamzaf,232
chogerbe,134
RavekCN,127
Fbka,50
Ratheesh619,83
blue_154,159
Gkhan.,248
horne93,33
BorlijA,6837
cashidmark285,31
blueybaby,54
chootadon01,36
btflo,43
LastLight,93
FARCRY.,103
Captain_007,152
blink431,554
vmshare,296
pucado,480
komblandi,378
xandor,59
God919,254
alibaboolal,288
volimsir,217
OzzYQD,77
sweetKid,109
KiAllL,28
Inder007,48
|ClickMe|,434
segista,61
1ClickDownload,53
lalmiavai,163
Borussia_Dortmund,681
odnarb777,491
baxterd,38
invisior,992
mp3chataka,46
don3000,157
scarlettjoha,109
elextaciador,316
toxicweasel,149
freshdown,51
rashoo,265
Singham,235
SnakeEyes,182
chilifactor,121
IllRosi,120
decter,485
eyesonlyuploads,37
toonstar,75
meesles,2251
tikb0y13,1122
DtPower,89
Danniboi22,1879
Upload3r,260
diamond00,3209
bloodmage478,229
rflxn143,36
#Major#,201
***Rocks***,1369
mert_1047,104
A r f a r s H,29255
kbat69,593
MeNe,196
webenor,247
fox5,874
Dr.Mouse,203
kapakli,198
tetovarja,44
BLizZ407,14882
ilybe8,164
MasatoEM,141
hdpiracy,127
nobleman123,216
AyserJubair,392
Rippingking,165
hornoplenty,42
katerina+giorgos,237
Bombernfc,578
Giovanni.bj,246
downiran,291
a11mir,30
ashlecol523,589
demonicserver,370
kangur,95
myta,529
briann_cs,142
trumita,267
vicky_poster001,198
RockerOf'87,131
bedazzled81,72
dhruva91dec,64
sealteam113,99
Zaraky2008,7742
openmedia,72
llHoov,166
dhoodle,144
::ALEX::,76
bestbadri,88
poulzipp,199
fm157,396
b7ri,365
czako93,24
startddl,143
XiZoN,298
wrigley26,640
cuddles227,47
leegt,2041
sbil,71
ButanoicAcid,108
youwarez123,90
redstaing,77
radioguy46,74
Eugine,229
Proghunter,56
Mr.Per,169
roop93,91
[ RKJ ],259
astrochart,177
ganterpv,616
boy_george,37
cyclon4004,35
mansheet,249
shoaibbabar1,433
DreamLost,43
1GunHaWK,61
JubeiMV,358
HeisenBerg.,191
tewje69,64
Bidabadi,338
ashkaaaan2,780
gomzy,139
Matrix4u,430
kotlt1,238
ExisZ,184
scenewhite,123
n3sl,401
Eliyas.,61
sqazzer,162
Suwadith,100
theddlera,109
furqanali332,90
atoi_37,379
kmo_9000,149
shabbeerbaba,53
.: SallyAnn :.,818
DiViSi0N,469
sandha,40
GreyPaws,85
alshairi,70
us72969,37
DGN_RULZ,60
Aw3s0meness,73
ptu_cb1990,125
h4s3eb,76
sahilshah1987,197
adxx,491
mehdi22,11940
Like,162
djaa2807,608
SherifDown,65
bernard_bnt,1678
Ssadman,847
darkdammit,557
Tzilka,27
jom2pay,88
olrac,27
mx120985,32
.: fOOt :.,1749
SHAHARYAR,57
ilcantar,255
midlaaa,40
maliksaifo,256
myself180,153
zam_dry,112
d2hh,128
derplulz,637
sahil 00150,104
DVB4IR,90
