Freedom35,4315
Flypers,3639
dumont,3538
nakamychy,3431
underst33,2880
Jet,2803
e5lton,2649
.aSn.,2639
troyhs,2475
wbuphet,2434
Marusha,2205
aeckz,2123
AnnArbor,1985
Stephan1,1947
KiAllL,1937
ironman55,1881
bdlegend,1738
zacr102,1702
|HITMAN|,1669
Masimo,1642
tuanq82,1610
bartmal,1550
public_html,1539
mmachota,1499
johnsm2,1478
ridgere,1464
baxterd,1417
rwdfox,1300
greatchi,1289
shannon3,1283
horne93,1260
azcb,1236
davinci5156,1224
Linux.BD,1219
udsrec,1146
UnrAreA,1084
eyesonlyuploads,972
galmuchet,970
ckBark,879
thor84,854
iloveferb,832
lorisboris,832
umut,791
Mr. BluRay,733
zbaq,684
edump,660
Inder007,650
AminFaris,645
HD3D,629
ShAaNiG,629
Obrien4,587
Epichomie,578
avro.bd,575
tinkoni,563
sundarmobiles,541
humingbird1,534
rafaqatkiani008,532
vojin123,509
c0red.rip,504
waroth,500
soyotoyapex,494
cleas,466
filebb,457
irockfuru,431
xGreatx,428
pinio,428
Gu3$t,425
JABicon,425
upload3er,416
share4u11,378
raku11292,371
|NewBie|,359
Fbka,359
WaRez_Queen,345
cashidmark285,332
Bad Seed,323
IteM.SonG,313
uinneit,312
hhhgame,312
wangshiqun,301
RELEASE:GOD,299
KISHOREAPU,295
SHULiBAN,294
Togama,285
ZUBiK,274
david_villa07,274
Vipers Nest,272
chrisrambo11507,271
N@UgHtY.,267
MLM.,262
dearasifkam,252
musm4,247
Pr0uDy,244
Mr.PM,235
super,228
4ways,222
h4s3eb,222
S H E R i F,221
hmshabir,217
shohel99,215
asifkam1,214
HD,212
HDC0OL,210
darknessofworld,208
molchun,195
|Leader|,193
H311,182
gyrospaz,177
Mr.Fordo,176
Z4rroc,173
CyberBB1,172
Sartre,161
kennyjam17,153
mssinclear,151
nofearfcp,150
mkvtony,146
Lara1408,140
antonesamy,140
kienpham,139
nScorp,137
kit777,134
vegit,134
vegetajgd,132
kenchien,126
ulpo,125
golemsonbi1,121
DarknQuiet,120
,119
lunaekCAPULA,114
daavup,111
loxfrdi,111
||HDMG||,107
harmony83,105
dinomerino,105
freshdown,104
paulman,101
zahidlove,98
Ash,95
gfxfree,95
*stefan,94
szajtek,93
tenzin.,91
blueybaby,91
dudrif,89
Casper_2641,89
mcmoore,88
kenreaves,88
razor,87
PrINCE v3,87
univerzalac,86
chicony,85
E V E R Y O N E,83
tomerlingo,83
geeklovenerds,81
Madball74,81
WaReZ_ZuP,80
sun00922,79
W3st_Wind,78
FTIGA,76
LastLight,75
Poison1vy,74
Aurih,74
|PR0LiNK|,73
FaBoy,72
BAYER3535,72
The_BlacK_MOON,71
GoodPerson14,71
naked_soul,70
3XElitE,68
wliia4,67
dum@n,66
.Rolex,66
legend10,66
se7en77,65
mansheet,65
francofrantic,63
bestrelease,63
voltirbisop,63
anubora,62
sweetKid,62
xwmario,61
majster168,60
.: F A S T E R :.,59
K_WORLD01,59
Grover3,58
lovely1629,57
pparadiso,57
A,56
0dayreleases,55
m0min5_,55
moujabz,55
elektronik,55
Dragme,54
d3m0n0,54
lingaringa,54
bluffmaster12pm,54
M_F_T,53
timoti84,53
UNiCON,51
Contaminator,51
movee08,51
N4ughty,50
alibaba1992,49
3P!TOM3,49
ATTIADONA,48
bangungot,47
PrivyHacker,47
woodin11,46
dr.slum[P],46
azorrr,45
Jalandr,44
VsEriEs,44
ceeker,43
ResumeLinks,42
ddagain,42
carmentipa,42
3DStuff,41
Master,41
horrmet,41
stillrock,41
KANE 123,41
sandha,40
pendora.,39
fishmark285,39
Latest.R,39
avRoo,39
sakbtahir,38
Super,37
enterprise1,37
zinkoam,36
:I am AWESOME:,36
|love_hacker|,35
dvdgame01,35
ojosico_310,35
vinok2,35
Upload3r,35
n3sl,35
ar$enaly,34
God Of Warez,34
vietboi275,34
bochi,34
jbird,33
Zoran_,33
ramboromeo1234,32
taeoice,32
RavekCN,32
nenadx,31
synstar,31
yhunykx1986,30
tokenman,30
Mr.Traveler,30
ultrascorp,30
vmshare,30
d2hh,30
sprig,29
amadamad1,29
stefano09051988,28
loopinmind,28
Zizitopas,28
animekicker,28
Tobacco Road,28
VidaPirata,28
genieous12,27
K0nK0nK4n,27
..::  arYzs ::.,27
Si7mL,27
radioguy46,27
dubzx,26
wolf1912,26
Lawlessnq,26
Rahul.69,26
imkama,26
modyeltohamy484,25
XDeadmau5X,25
shravanwadhwa,25
BabyGarnetgirl,25
nevaeh,24
s@ntana,24
LKROCKS,24
duplesi,24
sgdez,24
hum@n,24
us72969,24
Tanpanama7,23
wOrLD.pOw3R,23
antibiotica,23
CoolAsIce.,23
arkudas,23
kissme1,23
djaa2807,23
ogrl3,22
quain88,22
__julian,22
wyop,22
SarangMovie,22
WOIM,22
|monarch|,22
gotdev,22
100%makedonec,22
sahilshah1987,22
skylarkavenger,21
sweetpaki,21
Fantasy_artist,21
tranquilito,21
banedream,21
cliker,21
Giovanni.bj,21
HPHD,20
PeeWee005,20
AcidBurn87,20
wakefield,20
Kepler,20
pi0tr3k,20
alecssharpe,20
shakir74,20
White Flag,20
toxicweasel,20
damirex,19
:USM:,19
||BaDshaH||,19
HDblockbuster,19
Meera169,19
Dr Globil,19
sinnamonwolf,19
justfourmedeeva,19
hnos97,19
cartoon80,19
:Ess aaYY:,19
kpo_41,18
lemonzoo,18
GhOsT^,18
FUTURiTY,18
sbwrz,18
.::DJ::.,18
B3hr0z,18
kwazar1981,18
grubasek,18
jasonangel,17
rockyjohny,17
.BoB.,17
jihad25,17
derslived,17
romzon420,17
MiLLi0n,17
luckyvn89,17
robinchwan,16
colourcool,16
supernoodles,16
Chlasio,16
aziztaher_ali,15
flaflatw,15
Ragh7,15
Madness.hunt,15
DuG.,15
alih110,15
avanzara,15
SaNcHeZ.CZ,15
Gkhan.,15
ashlecol523,15
hamid3360,14
:.irfankasuri.:,14
TroicI,14
#NAME?,14
coadN,14
lilysopa,14
wasifmajeed,14
btflo,14
mo,13
klati2,13
jpeps,13
Vamp!re,13
oscillator666,13
DaaD,13
IAmMerciless,13
DMasti,13
ctd87,13
Elnaz,13
~Releasesking~,13
ashkaaaan2,13
mx120985,13
camillesexy66,12
SeeingMole,12
ertrush,12
amelf,12
Artemis Fowl II,12
leegt,12
Goodrifle,12
Plava992,12
DxGen,12
perkan�,12
johnnyshatin123,12
HopefulRomantic,12
SREEPULARI,12
freddy m,12
decter,12
scenewhite,12
sqazzer,12
kudoz,11
sabastian130,11
HotGirls,11
Konacno Bre,11
garmi4556,11
kris20,11
keepnpeace,11
virgin,11
james5454,11
Badriprasad,11
SpotlandRules,11
userx,11
kiljoe,11
pagar�ka,11
kotlt1,11
noor7us,10
HPHD.,10
iAmMaximus,10
sathish138,10
flwlessfrombirth,10
chuckyp99,10
Share_4all,10
khawajafarid,10
SUPERSPEEDS,10
irfanafhan,10
sunmenghao,10
selambe,10
DeWe,10
azmatbutt,10
Catlady,10
enjoi_9,10
|ShieldsectoR|,10
RockerOf'87,10
Jinx89,9
LMK,9
pavuky,9
.Hancock,9
Junaid92530,9
eurofighter19,9
suadnovic,9
^^GoRiLLaZ^^,9
emeien_13,9
qualanelt,9
.::MiRChI::.,9
pooyan2012(2),9
Oryad,9
fenomen28,9
readart013,9
tun12,9
noutilus12,9
sharp488,9
NewRls,9
Tenday,9
webmate,9
nCODE,9
mmoptusoft,9
m45h,9
MarcosReborn,9
halflife,9
siliconguide,9
CrOwN.,9
odnarb777,9
ilybe8,9
Eliyas.,9
jack,8
goliatroper,8
WrzTeam,8
Ralf1022,8
champidobai,8
GerianG,8
V2CPT,8
AlexXxuTzZu,8
| BETA |,8
volkanix,8
lyf_me,8
smrki,8
Seraf,8
Ada1122,8
|1.Link|,8
kvikinko,8
TSW,8
evapoison,8
visionx,8
aftms,8
Yohan...,8
RLSARC,8
sandeepr,8
marinobon,8
wuxia1911,8
daatam,8
ark69,8
yachie9,8
juststeve,8
reda240,8
STD16,8
kapakli,8
katerina+giorgos,8
ilcantar,8
all4link,7
thalemding456,7
Prinks1,7
princedm,7
maxellpraveen,7
qwertzOr,7
KinG_RippeR,7
Dodgy77,7
velocidade,7
bradleyULDer,7
sexisash,7
szachtar,7
Xhizers,7
ki3456,7
<sweeti>,7
dars86,7
Wirellell,7
at368,7
kotlt,7
fat_fighter,7
toritori,7
xbadboyx,7
steveb2008,7
Netwolf_,7
Mosaico,7
Tompost,7
bane1212,7
sbbaiy,7
YOU44,7
ksysiu18,7
BW,7
fm157,7
b7ri,7
XiZoN,7
DiViSi0N,7
rowjas,6
Utakata,6
bola 2000,6
almanerviosa,6
jackdaripper,6
sajid4u4,6
irproud,6
StonyHeart,6
mster8,6
pagolni,6
thebillie,6
toshibanana,6
swsw122,6
northampton,6
Snikerzz,6
nedjog5,6
satandemon,6
JOƘER,6
kingpong,6
xesshi,6
Famous8Inches,6
|BlUeRaY|,6
Pupusas2,6
mlam7,6
Bobero,6
Goaler,6
jaz657,6
S.A.A.D,6
octoberim9,6
Beautiiii,6
oldboy3,6
MicrotiK,6
andrilla,6
sharingxxx,6
sebastian.atb,6
schiesstomi,6
***Rocks***,6
A r f a r s H,6
***Sarabjit1991***,5
Shaktimage,5
fethuoclak123,5
DDLForce,5
@zero,5
zodyak2,5
catman919,5
Lorenco.,5
m1cr01,5
maligrizebeton,5
Postarbhai,5
dahwarez,5
aswere83,5
DaZeffa2010,5
saeed1122,5
key3film,5
DuG`,5
mkb4228,5
@qqk@,5
furqandvm,5
K,5
E.B.K,5
Ebooks,5
repture,5
Rapidwarez4u,5
WarTaipan,5
n21115,5
FuSiOn,5
Inpesctor,5
FilmaX,5
lovelea,5
DragnZ,5
azhurecore,5
liadokia,5
toonstar,5
Like,5
SherifDown,5
torrfriend,4
raiyyan,4
valdoo,4
sumant1nov,4
alinice321,4
MissyL,4
vfxden999,4
junaidaslam123,4
horen,4
tkutta56,4
LoveHit,4
refat13,4
driventodespair,4
M3DIAFIR3LAB,4
blueshadow2911,4
criminal141617,4
dadden66,4
LancelotX,4
bek4ever7,4
kaminas,4
Dichzla,4
c1nn@m0n,4
lsbham,4
tomislav2634,4
lookingcoo_l,4
|KiNG,4
1,4
BuYcKi,4
Uzair Umer,4
gorilaz,4
_zer0_,4
popyflower,4
Reen.,4
ripper_polop,4
ptcuye35,4
kurtzie,4
p33no,4
neeraj907877,4
WiZARD OF W,4
badgirl99,4
ArminVBA,4
desiguru,4
seriesnetload,4
insanity_666,4
nikhil07,4
goodgoodman,4
cOOlvin,4
aptechfsd,4
revelax,4
drtrucker,4
whitepanda,4
Slicer42,4
RIGILKENTARUS,4
ArNET,4
PREDB,4
juules45,4
mexician,4
nino89,4
Dardann.,4
SinThink,4
Mindsaver,4
W4R3ZL0RD,4
wolf_eye,4
jakocu24,4
Mind Freak(PB),4
pedrorios,4
sourcherry,4
flashjj,4
Vamp,4
MrAssassin,4
spurpose35,4
alsabet,4
myhat001,4
enixidfrag,4
marpycoco,4
shaheen.khapk,4
stefletch123,4
ariobarzan2,4
komblandi,4
tikb0y13,4
Danniboi22,4
kbat69,4
downiran,4
a11mir,4
JubeiMV,4
DVB4IR,4
MegamanX29,3
zaved,3
stphz,3
frank_hardy_1,3
perrenial1,3
OverMask,3
GubrakZ,3
Mioni,3
FXZ,3
madushanka92,3
apiton,3
.hc,3
Marderus,3
undorre31,3
makeman,3
BBspider,3
zizitenk,3
.::Devil::.,3
[I am AWESOME],3
ahly2010,3
LukeFabre,3
rsheria,3
kalpak2021,3
sveznadar_7777,3
voyager1908,3
strikan,3
liabra,3
rajuchacha,3
knolan_gluth,3
bharg123,3
NFS2000,3
Yeassir,3
bobbysingh,3
tejas.rollin,3
jjive,3
belwin,3
man,3
ex,3
wareztestbd,3
Rmz Psy,3
lolort,3
SiMmER.,3
kamal124,3
nitrocrash,3
rawillkill,3
biti0,3
CP1832,3
Andeko,3
MrOhary,3
Latestdownload7,3
yousif14,3
pinkpari,3
clark1963,3
foomanchu,3
dogburger,3
kavkiskey,3
azhushare,3
keatonG,3
rememberit,3
vkey,3
MacClassiK,3
Gii1818,3
sergeyrod,3
K_NIGHT0115,3
fatahillah,3
GreenDot,3
street star,3
iLLuTioN,3
plomien86,3
normandy88,3
bhGtYgt,3
Janissery,3
sirithanan,3
silverwoft,3
Azurenus,3
GunzNRoses,3
uplodu,3
AquariusPL,3
PiskopatYazar,3
cinemania286,3
EncodeKing,3
HDRipper,3
"Iam""A"" LEGEND",3
paradox_asgard,3
upslash,3
sree388,3
trwsxd,3
fleszer,3
pinkhat003,3
ugrpau,3
lowveles,3
Craf9,3
BorlijA,3
Captain_007,3
alibaboolal,3
scarlettjoha,3
rashoo,3
Singham,3
vicky_poster001,3
Mr.Per,3
roop93,3
ganterpv,3
theddlera,3
adxx,3
.: fOOt :.,3
GEEKiSM,2
pendora1,2
mzainal,2
MR.Blue Ray,2
aleksandar122,2
.g89,2
TheNewGuy,2
ksmafia,2
nk2,2
nvzgroup,2
shinto_cute,2
.vaLk.,2
chans1212,2
peki90,2
vijukarr,2
M.A.Abbas,2
kayla,2
Soniq,2
tom_riddle,2
marios22,2
marcos32,2
iftikhar206,2
..Night..,2
PrestinG,2
ar3_returns,2
spayder,2
Telly4yEo,2
5tuntun,2
delboy221986,2
raime1978,2
DLFX,2
vvikkass,2
HiLo!,2
shrizwan,2
torrenter,2
pierwszy,2
keith1569,2
misanphan,2
F37,2
lepunk,2
ev33,2
mediabucks,2
Obamm4,2
Bergeron,2
stanoye,2
shman.shman,2
Ratheesh619,2
pannaSD,2
games_hunts,2
Megashares.,2
SeXile,2
Tsunam1337,2
JAKS99,2
H3112pay,2
marson,2
Amelijaaa,2
r3order,2
sheikhchilli,2
VojtaCZ,2
Darker81,2
Mel_Luvz_Anime,2
lpass,2
~I am AWESOME~,2
sakb,2
.:Djlatino:.,2
ellen_dj123,2
ricchaard,2
smileba,2
nima_sin,2
Daangi,2
fullbaster,2
atay,2
devilmaycry013,2
hs97,2
nzindiboy,2
gonaPai,2
ID4L,2
nana1200,2
sunflower5,2
zm4u,2
MKU.Deathstroke,2
n00bf0rc3,2
BinariiAngel,2
BNA84,2
unclef3st3r666,2
atdeskcz2,2
psphunt,2
kuss,2
DJVideofan,2
PRADEEP77,2
3tonyviet3,2
milansd88,2
quintas,2
Juniahh,2
Charles.01,2
.:MOdY:.,2
ianto12,2
denata,2
mobile_guru,2
tbth_audio,2
filwrz,2
gloda,2
FreenaT2,2
Mystyczny,2
HEAVEN13TH,2
pascalll,2
Ironman718,2
xaxx,2
bad_student,2
Namoadi,2
atik0786,2
SheldoR xD,2
cr0x213,2
kmal123,2
lionshelter,2
dewdy2k,2
crazyGamer44,2
singlewarez,2
zlatkiller,2
Mrrrr,2
S J A,2
NormanCruz,2
vahidwasp,2
monkUsa,2
KinGRippeR,2
ASWNN666,2
Ganryu114455,2
dany25,2
@S,2
commannd1,2
pawelsqn,2
SilentSpartan,2
4HDD,2
thenilblue,2
smieszeczek,2
mrbenjamin,2
Ichthyander,2
apple23,2
jack121,2
mutukk,2
sameer007,2
rewari49,2
HDBlaster,2
Anorensic,2
pablishto,2
JNNy64,2
mrsaba,2
blahblah72,2
shahpar,2
redcupXD,2
adhilegend,2
cronjob2000,2
marcoacero,2
klilogla,2
BASiQ,2
dosanti,2
rani44,2
buleyb,2
tAALz,2
limpwaster,2
ProUploader1988,2
ketupal100,2
enriqueksr,2
GeniusNET,2
VoyagerAFS,2
AllYouLike,2
shully,2
RandomRidoy,2
promdi,2
sknandy11,2
rossc007,2
zoobia,2
wherepiewhere,2
sachinmail12345,2
WALL,2
Th3DON,2
waddaman,2
Garriso,2
strongpig,2
gargamail,2
malik420,2
wankanobe,2
dd999d,2
skylander,2
masterpal,2
JKBKJAS,2
KFP,2
c00lsud1,2
matisse,2
miloi,2
aayanjaved,2
DOWNFREAK,2
|ClickMe|,2
dhukhun,2
naeemchap,2
Sponding,2
since111,2
sipes760,2
shubhamj598,2
FARCRY.,2
volimsir,2
Borussia_Dortmund,2
ecik,2
diamond00,2
#Major#,2
fox5,2
tetovarja,2
Rippingking,2
sealteam113,2
llHoov,2
::ALEX::,2
bestbadri,2
wrigley26,2
[ RKJ ],2
astrochart,2
boy_george,2
shoaibbabar1,2
ExisZ,2
furqanali332,2
DGN_RULZ,2
ptu_cb1990,2
mehdi22,2
Ssadman,2
olrac,2
SHAHARYAR,2
congacon1,1
Kyth,1
suzanb,1
zaqs,1
Xperiment,1
nobita2811,1
nerov0lt,1
xxxtreme_warez,1
kolusberti,1
mukeshkumarjat,1
macbid,1
Danny432,1
gryffinhot,1
gfxturko,1
tahirirfan,1
zecika,1
axman63,1
VLT,1
aigl,1
JWEE_,1
silver_coyote777,1
Arash88,1
rabbaoss_khan,1
hafiezz,1
bridget714,1
tv,1
drk,1
lfc69,1
the_head,1
xfiles5,1
SABERWOLF,1
strike,1
suffocater,1
titou25,1
LGatakan,1
.:Jamie:.,1
Don Kupinic,1
4T7,1
Buccaneer,1
bigkajamma,1
viturdim,1
wiggle99,1
Koenigsegg,1
Brooks_Wilder,1
Xl Horror Xl,1
w2a,1
YungPak718,1
vidareal,1
76884,1
iShagg,1
hatem20,1
PlugThePig,1
butay056,1
heart_tracker,1
Nono Ono,1
LordKJ,1
blazejrybnik89,1
hotheton,1
LxPower,1
irani1,1
shreyash511,1
jagsbond,1
manu4u4ever,1
AcC3Ss,1
MASK ^_^ MAN,1
ErrorL0g,1
Uub,1
sharryhundal,1
Darmycom,1
arielcairo2,1
umardon,1
BoucherFMV,1
Drakenhoffer90,1
isolt,1
on2track2,1
carlos.abr,1
sabeesa,1
hudna6,1
cekicen,1
alde69,1
Forcefire_2009,1
Unlimite,1
Filmko,1
moaeadC,1
Greenlitsky,1
noam_7,1
moulefriite,1
Shnaks,1
dejawuu,1
Leviatã,1
ratpack,1
dj_pustak,1
lacho15,1
aqeelz,1
*IMAGINE*,1
FreeDoom,1
jackiechanmnm,1
freekers,1
Divesh94,1
punkyspunky,1
google35,1
Caddilac,1
lord vicious,1
.1Link,1
michaelfree,1
greenleaf123,1
rhinoboy,1
ClosetMonkey,1
moonkh,1
afandiadib,1
cleandryair,1
Rzvi,1
mandeep145,1
KimberlysEyes,1
H U G G I E Z#,1
neoftp01,1
stanza,1
goodaperson34,1
ogimima,1
Mr.MindfReak,1
full_120,1
Donnie Yen,1
mhbeaver,1
micro.MKV,1
Isfou77,1
ikosa,1
tayaxiig,1
lukas1794,1
stahinjic ban,1
Cyberfriiq,1
rainy19,1
Zoks :D,1
maddy1412,1
Solitary1909,1
devilsnare,1
Jcb526,1
JonPinto,1
payymon,1
yelv�k,1
kenongxs,1
Sudosu,1
aliarham37,1
sturdycracker,1
arka123,1
baRd9,1
E.M.,1
inbrightestday,1
2421,1
stefanlecko11,1
chesrez,1
VooDoo,1
Abdhw,1
d'Alembert,1
.DOCX,1
Ethos,1
amrod69,1
Drmerfull,1
RobertoWarez,1
ironmankho,1
Spyt,1
Mamba25,1
Todd23,1
Rocky9,1
tempacc001,1
Carm@gedon,1
jonesp123,1
Czekanista,1
koraysoner,1
swimdude,1
lolitosfb,1
Boss,1
dansmamma,1
ftcc,1
WarezHouse,1
rapidols,1
.Scouse,1
popopio,1
wahirua,1
tanner6565,1
Niko319,1
midgo,1
indium,1
siotla,1
lcee,1
cheefwaqas,1
wyatt1967,1
sojao,1
bleackened,1
kevinbfc,1
Shaki NR 1,1
zia019,1
totulmoka,1
tanematic,1
tanxihao,1
clianers,1
jack88will,1
dlportal,1
cinephile1,1
Kingfan,1
newbramj,1
morn,1
shiba123123123,1
Red Premium,1
hus01,1
Kreas96,1
kapil_ajmera,1
esrom02,1
Corpse_Grindersson,1
GhostBe,1
bigartie,1
Schizophrenic_x,1
ntom,1
bunina,1
.:TorrentZ:.,1
ELJOPIO,1
neophitesup,1
Thunderfly,1
nKim,1
lupinsgirl,1
An54,1
XiRT4M,1
white_snake,1
qwerzz,1
vncpatrix,1
bidie,1
|HDmania|,1
SaliPDG,1
92michal92,1
hellagent75,1
omid4041,1
drakanua,1
MyMovies19,1
goliath421,1
Baltyshark87,1
moviematic,1
Scarz123456789,1
Kimosabe,1
dgnrulz,1
KingOnSlaught,1
shantunisha,1
Chikinhri,1
sam16roy,1
Naughtydevilz,1
jkflash1964,1
Mi,1
repoman.cms,1
LeviathanW,1
RIZWAN WAHLA,1
Help.Me,1
reune,1
unclejaksan,1
MokhtarBenAyed,1
dudugames07,1
bigporn,1
javadth,1
waleed123,1
quadrixx,1
legba74,1
kailester,1
GhosT1212,1
Ladli.Muni,1
dantedevil99,1
vpather,1
EpicW,1
xzxaxrx,1
Leq®,1
stallone2008,1
Unknown13,1
freecbc3,1
gustav007,1
enterkhan,1
out.look1,1
kingman_90,1
WILLETT13,1
ravij08,1
garykewl,1
NA01,1
Jimmy_smart83,1
alisean87,1
Viper3773,1
qwer200510,1
_Dorukhan_,1
metehan777,1
dkingalon,1
axells,1
@GENT,1
todayfile,1
yuzuak_holding,1
berreta22,1
stevieboy191,1
The_Movie_Man1,1
dontspeak,1
ronaldo2041990,1
maxiimum,1
OzzYQD,1
downzwarez,1
dukeblue,1
Smarti11,1
sajidbaba,1
A.H.T.,1
markolopolos1,1
iase,1
w.deadloads,1
neghina,1
GOURMET,1
frank_jonath,1
Haplo12345,1
hackwar,1
Dcfan23,1
silent_wind,1
SeverNaya,1
humble3d,1
RemoEVA01,1
krazeek,1
thesmx,1
Slapdragonx,1
moonsmile2009,1
heliosmas,1
nwrz,1
ricotero29,1
D3M0N69,1
mediarls,1
deviljinonline,1
Quicker,1
Casual69,1
samanth,1
Oyunfrm,1
wondezt,1
TROMA,1
huapingzhou,1
DJ,1
CrematorMan,1
EnzoLouis,1
billabongct,1
BebeeBoo,1
sconeindy,1
kopacke,1
Bo Rock,1
nino191d,1
leelsylsiae,1
hemuski,1
sridarshan23,1
clavier2008,1
eflatley00,1
apeka,1
JsGroup,1
sjk.sam,1
zixziko,1
forwant,1
firaki12345,1
RyoRen,1
bik123,1
MareP.F.C.,1
ether88,1
Nefar,1
ddogdan,1
shadju,1
Annookk,1
turbol,1
lprodrigues,1
dave811,1
3,1
Achajr,1
eyeofodin,1
nero1989,1
darkside09,1
wbb_fan_1,1
rogue109,1
Ahmed Sadman,1
leelsylsiae08,1
Duke Ardelis,1
pawli,1
Transgamingz WineX,1
mank,1
.: AliRezaas :.,1
Guest,1
.:Tex.Mex:.,1
CoffeeFile,1
idan_h,1
MyCuTiPaI,1
moh3en,1
thedavid,1
s.saha420,1
MARBOT2012,1
#NO1#,1
P,1
maybank2u,1
muhammadwaseem,1
pepsi86,1
TeamTDK@AF,1
hend1983,1
chrisjen24,1
narciXD,1
universematrix,1
DiVXFACTORY,1
MetalUrge,1
The Kung,1
thedossetup,1
clight77,1
DAttus2,1
alin18,1
genemnc,1
falcon87,1
.:G A M E R:.,1
xrockonx,1
anja_de,1
saatcham,1
Saving Abel,1
crazednuttyboy,1
klasseter,1
mirrorseeder,1
bullrot492,1
drhamaka,1
baby.sa,1
joeboricua,1
.: RnR :.,1
t3odor,1
murdpower,1
rahul2u_u,1
NAVEENTHRICHY,1
boyriot,1
warezfreak03,1
toxic_labs,1
Ludin,1
Downloader123,1
inpryce,1
XXX22,1
Arth101,1
haqwarez,1
phantom_ass,1
arnoldas852,1
zvonenie33,1
bymicro,1
nemesis07,1
Mahaj,1
metallica1992,1
ngangas,1
milorisfair,1
Maron Down,1
XsX,1
mamun_1991,1
hhalem,1
XeLeRoN,1
adnan099,1
damkal,1
urpapa,1
zei_na,1
hardcoder,1
netforsp,1
ranaking932,1
callz,1
*NidaA1*,1
PinoyW,1
:i Am passiOn:,1
Crayzies,1
Wing44,1
timbalance,1
readart003,1
::Jeebus::,1
tugakiller2,1
duhalala,1
Machar,1
indubitable,1
coolscorpiorohan,1
cybernetic,1
muzzz007,1
rsapple,1
t2,1
christiandeflores,1
daviedee,1
james818181,1
highstar,1
TehOracle.,1
lrnetwork,1
ataquero,1
haib60,1
abc.abc,1
Zahid online,1
Kabanos85,1
c'mon,1
movshare,1
johno333,1
arnoldkile21,1
Keili,1
Greeny1337,1
perst,1
IGM0937,1
derpderpington,1
larkze,1
Unwritten_Law,1
=COPKILLER=,1
mayangard,1
logie19,1
Sir_robin,1
aayushagrawal90,1
chellam,1
al3xla,1
alashrafedu,1
ahid1234,1
dunkman,1
niedzielan360,1
B W B P,1
audionic333,1
.:MaX:.,1
darkd666,1
napster26,1
afsos78,1
Ebik2,1
jatin17,1
tojik345,1
pudch101,1
warstar74,1
Downloader2012,1
poncabird,1
Remejeus,1
donlio,1
BodMa,1
milosmnn,1
Gurana,1
Hitesh Patel,1
shkodra_hacker,1
sa1901,1
wojtekgaca24,1
alikhan00007,1
Mungi,1
Flaiho,1
baixefire,1
KarLi,1
knightrider5,1
sontikumar,1
ngaogiangho,1
tinutuva,1
slyzeronsf,1
elena1973,1
pinkside,1
egg64,1
girlusa3x,1
leecher5000,1
yesobamaa,1
Gob,1
Zuper,1
jobbet919,1
pat_1uk,1
Druid,1
Anti.mage,1
kalimali,1
excopbecks,1
MedRd,1
shiva.om,1
yurizone02,1
johnnygt,1
erick05,1
@mico,1
khurramshezi,1
cccbycox,1
akuma1983,1
whomeis,1
ugabugapyly,1
Monster.Xbox,1
DeArDeViL,1
*Eaven,1
Moodik,1
mugen2k,1
#the Hunter#,1
ahly1751,1
nexus_prime,1
sabrina13,1
Jaysonn.,1
Lenerdosy,1
starchrist,1
zimzam,1
crazymafia,1
aadott,1
~BiRdMaN~,1
pipstanford,1
agent bartowski,1
marinapari,1
selinag,1
mikec,1
Winchester999,1
ytmf1981,1
kingofnorthyork,1
matsada,1
tatootian,1
thewindowsfreak,1
xNynx,1
james_ant,1
quoid9doc,1
school_bus,1
andino2,1
djalonso,1
zai89,1
LED3,1
"][,o0k~",1
kimminh90,1
besttechnoblog,1
thevisual,1
cowboyup910,1
KiNGPiSSER,1
Evil.Genius,1
ilovet,1
Lord Magneto,1
raktivist,1
p3sh,1
junglistknot,1
sherlock92,1
gonlomas,1
metelci,1
Thetimetraveler7,1
navIVXX,1
brunooghe,1
Fony,1
ljt,1
powaraj,1
FireLady,1
Anonymut,1
zer07,1
mauricio2050,1
O,1
shorebreak,1
Drhank,1
NEETIN,1
okacore,1
zagor777,1
fileshare,1
cober,1
M3nth0R,1
tehloxely,1
eLs�k,1
zed_m,1
s17_koelho,1
andere123,1
imchakwal,1
k!113R,1
Bush Pig,1
sherbo,1
mahrsaleeem,1
.:Pari:.,1
destroyakanico,1
Alicia holmes,1
adeel.arslan,1
moccc,1
MrJonas12,1
monir,1
agallantgallant,1
charchabil88,1
Jorispyro,1
uploader230,1
batman09,1
Im0rtal,1
SenTeLLo,1
i20234,1
xasta07,1
burgerkingman,1
marixtian,1
7123,1
BGST,1
Cloud_Shadow,1
wintendo,1
crystal_cylinder,1
joaopebre,1
ze,1
najama79,1
punk_and_goth,1
icemule1,1
PupaPowlo,1
moviesdir,1
bgrstaff3281,1
rg_kales,1
.::RockeR::.,1
Hells Bells,1
ALone.boy,1
dexster9,1
forgeton,1
panzdzisio,1
fallwew,1
Excellence1,1
Fu,1
valama,1
learn2earn,1
D4rk DeMoN,1
bouzix,1
streamwatchers,1
Elico_A,1
klein87,1
tusharbakaya,1
#3|\/|4#i4,1
buloolz,1
akshay187,1
don3000,1
usbuzzer,1
revenger123,1
djcostas,1
UniMaTE,1
lovver2,1
direct_only,1
GuruAlive,1
maas1989,1
sakliadam,1
Dark.Happy,1
HARRONASGAR,1
Panda Dude,1
Rockinevil,1
zerk1,1
scrOllOck,1
kan_yan,1
mrmovie1983,1
appsstar,1
theseus,1
oodie,1
seafarer,1
coldmindzero,1
traxxo,1
atulsawant,1
ScreamOutLoud,1
Regolas,1
EnlishBabu,1
Dzash,1
Guss68,1
cryptlord,1
Typhoon009,1
h1tm4n,1
blackiswhite,1
momosclan,1
aadat293,1
Inica,1
FB69,1
de crust,1
kire_koste,1
shakeer01,1
phoenix_dude,1
mad max77,1
tetburia,1
Texas Homie,1
tom37,1
ilikesoft,1
KZEE,1
djayz,1
akira_kurosawa,1
Stevepax,1
wheels2go,1
Amiche,1
TimmiiG,1
sri_baginda03,1
DvD2x,1
pMXviD,1
smarties2k,1
amarshall117,1
Gutac,1
Casper,1
sequelae,1
aneishababy,1
tingalvin,1
KALI12,1
pitininja,1
Lellly,1
CARkeyODDly,1
MINUSBLINDFOLD,1
retribution1887,1
Bell@,1
MobyMaster,1
rpgragexp,1
OldOldschool,1
BUC2010,1
voodoomagic,1
tarawinder,1
m_myers,1
Intensity,1
ulinsky!,1
Sting2324,1
Robyfly,1
kingtggdn,1
cook942,1
w0J,1
kamzaf,1
chogerbe,1
blue_154,1
chootadon01,1
blink431,1
pucado,1
xandor,1
God919,1
trex9810,1
segista,1
1ClickDownload,1
lalmiavai,1
invisior,1
mp3chataka,1
nobleman123,1
elextaciador,1
SnakeEyes,1
chilifactor,1
IllRosi,1
DtPower,1
bloodmage478,1
rflxn143,1
mert_1047,1
MeNe,1
webenor,1
Dr.Mouse,1
BLizZ407,1
MasatoEM,1
hdpiracy,1
AyserJubair,1
web,1
Bombernfc,1
demonicserver,1
kangur,1
myta,1
briann_cs,1
trumita,1
bedazzled81,1
dhruva91dec,1
Zaraky2008,1
openmedia,1
dhoodle,1
poulzipp,1
SUPERNATURAL,1
czako93,1
startddl,1
cuddles227,1
sbil,1
ButanoicAcid,1
youwarez123,1
redstaing,1
Eugine,1
Proghunter,1
cyclon4004,1
DreamLost,1
1GunHaWK,1
HeisenBerg.,1
tewje69,1
Bidabadi,1
gomzy,1
Matrix4u,1
Suwadith,1
atoi_37,1
kmo_9000,1
shabbeerbaba,1
.: SallyAnn :.,1
meesles,1
GreyPaws,1
alshairi,1
Aw3s0meness,1
hornoplenty,1
bernard_bnt,1
darkdammit,1
Tzilka,1
jom2pay,1
midlaaa,1
maliksaifo,1
myself180,1
zam_dry,1
derplulz,1
sahil 00150,1
